,Date,Delhi,Mumbai,Chennai,Kolkata,Delhi_pc,Mumbai_pc,Chennai_pc,Kolkata_pc
2,2021-02-20,80.97,88.06,85.98,84.56,48.6,47.01,49.76,49.27
4,2021-02-18,80.27,87.32,85.31,83.86,47.31,45.78,48.6,48.03
5,2021-02-17,79.95,86.98,85.01,83.54,46.72,45.21,48.08,47.47
6,2021-02-16,79.7,86.72,84.77,83.29,46.27,44.77,47.66,47.03
7,2021-02-15,79.35,86.34,84.44,82.94,45.62,44.14,47.08,46.41
8,2021-02-14,79.06,86.04,84.16,82.65,45.09,43.64,46.59,45.9
9,2021-02-13,78.74,85.7,83.86,82.33,44.5,43.07,46.07,45.33
10,2021-02-12,78.38,85.32,83.52,81.96,43.84,42.44,45.48,44.68
11,2021-02-11,78.03,84.94,83.18,81.61,43.2,41.8,44.89,44.06
12,2021-02-10,77.73,84.63,82.9,81.31,42.65,41.29,44.4,43.53
13,2021-02-09,77.48,84.36,82.66,81.06,42.19,40.83,43.98,43.09
14,2021-02-08,77.13,83.99,82.33,80.71,41.55,40.22,43.41,42.47
15,2021-02-07,77.13,83.99,82.33,80.71,41.55,40.22,43.41,42.47
16,2021-02-06,77.13,83.99,82.33,80.71,41.55,40.22,43.41,42.47
17,2021-02-05,77.13,83.99,82.33,80.71,41.55,40.22,43.41,42.47
18,2021-02-04,76.83,83.67,82.04,80.41,41.0,39.68,42.9,41.94
19,2021-02-03,76.48,83.3,81.71,80.08,40.36,39.07,42.33,41.36
20,2021-02-02,76.48,83.3,81.71,80.08,40.36,39.07,42.33,41.36
21,2021-02-01,76.48,83.3,81.71,80.08,40.36,39.07,42.33,41.36
22,2021-01-31,76.48,83.3,81.71,80.08,40.36,39.07,42.33,41.36
23,2021-01-30,76.48,83.3,81.71,80.08,40.36,39.07,42.33,41.36
24,2021-01-29,76.48,83.3,81.71,80.08,40.36,39.07,42.33,41.36
25,2021-01-28,76.48,83.3,81.71,80.08,40.36,39.07,42.33,41.36
26,2021-01-27,76.48,83.3,81.71,80.08,40.36,39.07,42.33,41.36
27,2021-01-26,76.23,83.03,81.47,79.83,39.9,38.61,41.91,40.92
28,2021-01-25,75.88,82.66,81.14,79.48,39.25,38.0,41.33,40.3
29,2021-01-24,75.88,82.66,81.14,79.48,39.25,38.0,41.33,40.3
30,2021-01-23,75.88,82.66,81.14,79.48,39.25,38.0,41.33,40.3
31,2021-01-22,75.63,82.4,80.9,79.23,38.8,37.56,40.92,39.86
32,2021-01-21,75.38,82.13,80.67,78.97,38.34,37.11,40.52,39.4
33,2021-01-20,75.38,82.13,80.67,78.97,38.34,37.11,40.52,39.4
34,2021-01-19,75.38,82.13,80.67,78.97,38.34,37.11,40.52,39.4
35,2021-01-18,75.13,81.87,80.43,78.72,37.88,36.68,40.1,38.96
36,2021-01-17,74.88,81.6,80.19,78.47,37.42,36.23,39.68,38.52
37,2021-01-16,74.88,81.6,80.19,78.47,37.42,36.23,39.68,38.52
38,2021-01-15,74.88,81.6,80.19,78.47,37.42,36.23,39.68,38.52
39,2021-01-14,74.88,81.6,80.19,78.47,37.42,36.23,39.68,38.52
40,2021-01-13,74.63,81.34,79.95,78.22,36.96,35.79,39.26,38.08
41,2021-01-12,74.38,81.07,79.72,77.97,36.5,35.34,38.86,37.63
42,2021-01-11,74.38,81.07,79.72,77.97,36.5,35.34,38.86,37.63
43,2021-01-10,74.38,81.07,79.72,77.97,36.5,35.34,38.86,37.63
44,2021-01-09,74.38,81.07,79.72,77.97,36.5,35.34,38.86,37.63
45,2021-01-08,74.38,81.07,79.72,77.97,36.5,35.34,38.86,37.63
46,2021-01-07,74.38,81.07,79.72,77.97,36.5,35.34,38.86,37.63
47,2021-01-06,74.12,80.78,79.46,77.7,36.02,34.86,38.41,37.16
48,2021-01-05,73.87,80.51,79.21,77.44,35.57,34.41,37.97,36.7
49,2021-01-04,73.87,80.51,79.21,77.44,35.57,34.41,37.97,36.7
50,2021-01-03,73.87,80.51,79.21,77.44,35.57,34.41,37.97,36.7
51,2021-01-02,73.87,80.51,79.21,77.44,35.57,34.41,37.97,36.7
52,2021-01-01,73.87,80.51,79.21,77.44,35.57,34.41,37.97,36.7
53,2020-12-31,73.87,80.51,79.21,77.44,35.57,34.41,37.97,36.7
54,2020-12-30,73.87,80.51,79.21,77.44,35.57,34.41,37.97,36.7
55,2020-12-29,73.87,80.51,79.21,77.44,35.57,34.41,37.97,36.7
56,2020-12-28,73.87,80.51,79.21,77.44,35.57,34.41,37.97,36.7
57,2020-12-27,73.87,80.51,79.21,77.44,35.57,34.41,37.97,36.7
2,2020-12-26,73.87,80.51,79.21,77.44,35.57,34.41,37.97,36.7
4,2020-12-24,73.87,80.51,79.21,77.44,35.57,34.41,37.97,36.7
5,2020-12-23,73.87,80.51,79.21,77.44,35.57,34.41,37.97,36.7
6,2020-12-22,73.87,80.51,79.21,77.44,35.57,34.41,37.97,36.7
7,2020-12-21,73.87,80.51,79.21,77.44,35.57,34.41,37.97,36.7
8,2020-12-20,73.87,80.51,79.21,77.44,35.57,34.41,37.97,36.7
9,2020-12-19,73.87,80.51,79.21,77.44,35.57,34.41,37.97,36.7
10,2020-12-18,73.87,80.51,79.21,77.44,35.57,34.41,37.97,36.7
11,2020-12-17,73.87,80.51,79.21,77.44,35.57,34.41,37.97,36.7
12,2020-12-16,73.87,80.51,79.21,77.44,35.57,34.41,37.97,36.7
13,2020-12-15,73.87,80.51,79.21,77.44,35.57,34.41,37.97,36.7
14,2020-12-14,73.87,80.51,79.21,77.44,35.57,34.41,37.97,36.7
15,2020-12-13,73.87,80.51,79.21,77.44,35.57,34.41,37.97,36.7
16,2020-12-12,73.87,80.51,79.21,77.44,35.57,34.41,37.97,36.7
17,2020-12-11,73.87,80.51,79.21,77.44,35.57,34.41,37.97,36.7
18,2020-12-10,73.87,80.51,79.21,77.44,35.57,34.41,37.97,36.7
19,2020-12-09,73.87,80.51,79.21,77.44,35.57,34.41,37.97,36.7
20,2020-12-08,73.87,80.51,79.21,77.44,35.57,34.41,37.97,36.7
21,2020-12-07,73.87,80.51,79.21,77.44,35.57,34.41,37.97,36.7
22,2020-12-06,73.61,80.23,78.97,77.18,35.09,33.94,37.55,36.24
23,2020-12-05,73.32,79.93,78.69,76.89,34.56,33.44,37.07,35.73
24,2020-12-04,73.07,79.66,78.45,76.64,34.1,32.99,36.65,35.29
25,2020-12-03,72.84,79.42,78.24,76.41,33.68,32.59,36.28,34.88
26,2020-12-02,72.65,79.22,78.06,76.22,33.33,32.25,35.97,34.55
27,2020-12-01,72.42,78.97,77.84,75.99,32.91,31.84,35.59,34.14
28,2020-11-30,72.42,78.97,77.84,75.99,32.91,31.84,35.59,34.14
29,2020-11-29,72.42,78.97,77.84,75.99,32.91,31.84,35.59,34.14
30,2020-11-28,72.13,78.66,77.56,75.7,32.37,31.32,35.1,33.63
31,2020-11-27,71.86,78.38,77.3,75.43,31.88,30.85,34.65,33.15
32,2020-11-26,71.62,78.12,77.08,75.19,31.44,30.42,34.26,32.73
33,2020-11-25,71.41,77.9,76.88,74.98,31.05,30.05,33.91,32.36
34,2020-11-24,71.41,77.9,76.88,74.98,31.05,30.05,33.91,32.36
35,2020-11-23,71.25,77.73,76.72,74.82,30.76,29.77,33.64,32.07
36,2020-11-22,71.07,77.54,76.55,74.64,30.43,29.45,33.34,31.76
37,2020-11-21,70.88,77.34,76.37,74.45,30.08,29.12,33.03,31.42
38,2020-11-20,70.68,77.11,76.17,74.24,29.71,28.73,32.68,31.05
39,2020-11-19,70.46,76.86,75.95,73.99,29.31,28.31,32.29,30.61
40,2020-11-18,70.46,76.86,75.95,73.99,29.31,28.31,32.29,30.61
41,2020-11-17,70.46,76.86,75.95,73.99,29.31,28.31,32.29,30.61
42,2020-11-16,70.46,76.86,75.95,73.99,29.31,28.31,32.29,30.61
43,2020-11-15,70.46,76.86,75.95,73.99,29.31,28.31,32.29,30.61
44,2020-11-14,70.46,76.86,75.95,73.99,29.31,28.31,32.29,30.61
45,2020-11-13,70.46,76.86,75.95,73.99,29.31,28.31,32.29,30.61
46,2020-11-12,70.46,76.86,75.95,73.99,29.31,28.31,32.29,30.61
47,2020-11-11,70.46,76.86,75.95,73.99,29.31,28.31,32.29,30.61
48,2020-11-10,70.46,76.86,75.95,73.99,29.31,28.31,32.29,30.61
49,2020-11-09,70.46,76.86,75.95,73.99,29.31,28.31,32.29,30.61
50,2020-11-08,70.46,76.86,75.95,73.99,29.31,28.31,32.29,30.61
51,2020-11-07,70.46,76.86,75.95,73.99,29.31,28.31,32.29,30.61
52,2020-11-06,70.46,76.86,75.95,73.99,29.31,28.31,32.29,30.61
53,2020-11-05,70.46,76.86,75.95,73.99,29.31,28.31,32.29,30.61
54,2020-11-04,70.46,76.86,75.95,73.99,29.31,28.31,32.29,30.61
55,2020-11-03,70.46,76.86,75.95,73.99,29.31,28.31,32.29,30.61
56,2020-11-02,70.46,76.86,75.95,73.99,29.31,28.31,32.29,30.61
57,2020-11-01,70.46,76.86,75.95,73.99,29.31,28.31,32.29,30.61
58,2020-10-31,70.46,76.86,75.95,73.99,29.31,28.31,32.29,30.61
2,2020-10-30,70.46,76.86,75.95,73.99,29.31,28.31,32.29,30.61
4,2020-10-28,70.46,76.86,75.95,73.99,29.31,28.31,32.29,30.61
5,2020-10-27,70.46,76.86,75.95,73.99,29.31,28.31,32.29,30.61
6,2020-10-26,70.46,76.86,75.95,73.99,29.31,28.31,32.29,30.61
7,2020-10-25,70.46,76.86,75.95,73.99,29.31,28.31,32.29,30.61
8,2020-10-24,70.46,76.86,75.95,73.99,29.31,28.31,32.29,30.61
9,2020-10-23,70.46,76.86,75.95,73.99,29.31,28.31,32.29,30.61
10,2020-10-22,70.46,76.86,75.95,73.99,29.31,28.31,32.29,30.61
11,2020-10-21,70.46,76.86,75.95,73.99,29.31,28.31,32.29,30.61
12,2020-10-20,70.46,76.86,75.95,73.99,29.31,28.31,32.29,30.61
13,2020-10-19,70.46,76.86,75.95,73.99,29.31,28.31,32.29,30.61
14,2020-10-18,70.46,76.86,75.95,73.99,29.31,28.31,32.29,30.61
15,2020-10-17,70.46,76.86,75.95,73.99,29.31,28.31,32.29,30.61
16,2020-10-16,70.46,76.86,75.95,73.99,29.31,28.31,32.29,30.61
17,2020-10-15,70.46,76.86,75.95,73.99,29.31,28.31,32.29,30.61
18,2020-10-14,70.46,76.86,75.95,73.99,29.31,28.31,32.29,30.61
19,2020-10-13,70.46,76.86,75.95,73.99,29.31,28.31,32.29,30.61
20,2020-10-12,70.46,76.86,75.95,73.99,29.31,28.31,32.29,30.61
21,2020-10-11,70.46,76.86,75.95,73.99,29.31,28.31,32.29,30.61
22,2020-10-10,70.46,76.86,75.95,73.99,29.31,28.31,32.29,30.61
23,2020-10-09,70.46,76.86,75.95,73.99,29.31,28.31,32.29,30.61
24,2020-10-08,70.46,76.86,75.95,73.99,29.31,28.31,32.29,30.61
25,2020-10-07,70.46,76.86,75.95,73.99,29.31,28.31,32.29,30.61
26,2020-10-06,70.46,76.86,75.95,73.99,29.31,28.31,32.29,30.61
27,2020-10-05,70.46,76.86,75.95,73.99,29.31,28.31,32.29,30.61
28,2020-10-04,70.46,76.86,75.95,73.99,29.31,28.31,32.29,30.61
29,2020-10-03,70.46,76.86,75.95,73.99,29.31,28.31,32.29,30.61
30,2020-10-02,70.46,76.86,75.95,73.99,29.31,28.31,32.29,30.61
31,2020-10-01,70.53,76.93,76.01,74.05,29.44,28.43,32.4,30.71
32,2020-09-30,70.63,77.04,76.1,74.15,29.62,28.61,32.56,30.89
33,2020-09-29,70.63,77.04,76.1,74.15,29.62,28.61,32.56,30.89
34,2020-09-28,70.71,77.12,76.18,74.23,29.77,28.75,32.69,31.03
35,2020-09-27,70.8,77.22,76.27,74.32,29.93,28.91,32.85,31.19
36,2020-09-26,70.94,77.36,76.4,74.46,30.19,29.15,33.08,31.44
37,2020-09-25,71.1,77.53,76.55,74.62,30.48,29.43,33.34,31.72
38,2020-09-24,71.28,77.73,76.72,74.8,30.81,29.77,33.64,32.04
39,2020-09-23,71.28,77.73,76.72,74.8,30.81,29.77,33.64,32.04
40,2020-09-22,71.28,77.73,76.72,74.8,30.81,29.77,33.64,32.04
41,2020-09-21,71.43,77.87,76.85,74.94,31.09,30.0,33.86,32.29
42,2020-09-20,71.58,78.02,76.99,75.09,31.36,30.25,34.11,32.55
43,2020-09-19,71.82,78.27,77.21,75.32,31.8,30.67,34.49,32.96
44,2020-09-18,72.02,78.48,77.4,75.52,32.17,31.02,34.82,33.31
45,2020-09-17,72.37,78.85,77.73,75.87,32.81,31.64,35.39,33.93
46,2020-09-16,72.56,79.05,77.91,76.06,33.16,31.97,35.71,34.26
47,2020-09-15,72.56,79.05,77.91,76.06,33.16,31.97,35.71,34.26
48,2020-09-14,72.78,79.29,78.12,76.28,33.57,32.37,36.07,34.65
49,2020-09-13,72.93,79.45,78.26,76.43,33.84,32.64,36.32,34.92
50,2020-09-12,72.93,79.45,78.26,76.43,33.84,32.64,36.32,34.92
51,2020-09-11,73.05,79.57,78.38,76.55,34.06,32.84,36.53,35.13
52,2020-09-10,73.05,79.57,78.38,76.55,34.06,32.84,36.53,35.13
53,2020-09-09,73.16,79.69,78.48,76.66,34.26,33.04,36.7,35.32
54,2020-09-08,73.16,79.69,78.48,76.66,34.26,33.04,36.7,35.32
55,2020-09-07,73.16,79.69,78.48,76.66,34.26,33.04,36.7,35.32
56,2020-09-06,73.27,79.81,78.58,76.77,34.47,33.24,36.88,35.52
57,2020-09-05,73.27,79.81,78.58,76.77,34.47,33.24,36.88,35.52
58,2020-09-04,73.4,79.94,78.71,76.9,34.7,33.46,37.1,35.75
2,2020-09-03,73.4,79.94,78.71,76.9,34.7,33.46,37.1,35.75
4,2020-09-01,73.56,80.11,78.86,77.06,35.0,33.74,37.36,36.03
5,2020-08-31,73.56,80.11,78.86,77.06,35.0,33.74,37.36,36.03
6,2020-08-30,73.56,80.11,78.86,77.06,35.0,33.74,37.36,36.03
7,2020-08-29,73.56,80.11,78.86,77.06,35.0,33.74,37.36,36.03
8,2020-08-28,73.56,80.11,78.86,77.06,35.0,33.74,37.36,36.03
9,2020-08-27,73.56,80.11,78.86,77.06,35.0,33.74,37.36,36.03
10,2020-08-26,73.56,80.11,78.86,77.06,35.0,33.74,37.36,36.03
11,2020-08-25,73.56,80.11,78.86,77.06,35.0,33.74,37.36,36.03
12,2020-08-24,73.56,80.11,78.86,77.06,35.0,33.74,37.36,36.03
13,2020-08-23,73.56,80.11,78.86,77.06,35.0,33.74,37.36,36.03
14,2020-08-22,73.56,80.11,78.86,77.06,35.0,33.74,37.36,36.03
15,2020-08-21,73.56,80.11,78.86,77.06,35.0,33.74,37.36,36.03
16,2020-08-20,73.56,80.11,78.86,77.06,35.0,33.74,37.36,36.03
17,2020-08-19,73.56,80.11,78.86,77.06,35.0,33.74,37.36,36.03
18,2020-08-18,73.56,80.11,78.86,77.06,35.0,33.74,37.36,36.03
19,2020-08-17,73.56,80.11,78.86,77.06,35.0,33.74,37.36,36.03
20,2020-08-16,73.56,80.11,78.86,77.06,35.0,33.74,37.36,36.03
21,2020-08-15,73.56,80.11,78.86,77.06,35.0,33.74,37.36,36.03
22,2020-08-14,73.56,80.11,78.86,77.06,35.0,33.74,37.36,36.03
23,2020-08-13,73.56,80.11,78.86,77.06,35.0,33.74,37.36,36.03
24,2020-08-12,73.56,80.11,78.86,77.06,35.0,33.74,37.36,36.03
25,2020-08-11,73.56,80.11,78.86,77.06,35.0,33.74,37.36,36.03
26,2020-08-10,73.56,80.11,78.86,77.06,35.0,33.74,37.36,36.03
27,2020-08-09,73.56,80.11,78.86,77.06,35.0,33.74,37.36,36.03
28,2020-08-08,73.56,80.11,78.86,77.06,35.0,33.74,37.36,36.03
29,2020-08-07,73.56,80.11,78.86,77.06,35.0,33.74,37.36,36.03
30,2020-08-06,73.56,80.11,78.86,77.06,35.0,33.74,37.36,36.03
31,2020-08-05,73.56,80.11,78.86,77.06,35.0,33.74,37.36,36.03
32,2020-08-04,73.56,80.11,78.86,77.06,35.0,33.74,37.36,36.03
33,2020-08-03,73.56,80.11,78.86,77.06,35.0,33.74,37.36,36.03
34,2020-08-02,73.56,80.11,78.86,77.06,35.0,33.74,37.36,36.03
35,2020-08-01,73.56,80.11,78.86,77.06,35.0,33.74,37.36,36.03
36,2020-07-31,73.56,80.11,78.86,77.04,35.0,33.74,37.36,35.99
37,2020-07-30,81.94,80.11,78.86,77.04,50.38,33.74,37.36,35.99
38,2020-07-29,81.94,80.11,78.86,77.04,50.38,33.74,37.36,35.99
39,2020-07-28,81.94,80.11,78.86,77.04,50.38,33.74,37.36,35.99
40,2020-07-27,81.94,80.11,78.86,77.04,50.38,33.74,37.36,35.99
41,2020-07-26,81.94,80.11,78.86,77.04,50.38,33.74,37.36,35.99
42,2020-07-25,81.79,79.97,78.73,76.91,50.1,33.51,37.14,35.76
43,2020-07-24,81.64,79.83,78.6,76.77,49.83,33.27,36.91,35.52
44,2020-07-23,81.64,79.83,78.6,76.77,49.83,33.27,36.91,35.52
45,2020-07-22,81.64,79.83,78.6,76.77,49.83,33.27,36.91,35.52
46,2020-07-21,81.64,79.83,78.6,76.77,49.83,33.27,36.91,35.52
47,2020-07-20,81.64,79.83,78.6,76.77,49.83,33.27,36.91,35.52
48,2020-07-19,81.52,79.71,78.5,76.67,49.61,33.07,36.74,35.34
49,2020-07-18,81.52,79.71,78.5,76.67,49.61,33.07,36.74,35.34
50,2020-07-17,81.35,79.56,78.37,76.49,49.29,32.82,36.51,35.02
51,2020-07-16,81.18,79.4,78.22,76.33,48.98,32.55,36.25,34.74
52,2020-07-15,81.18,79.4,78.22,76.33,48.98,32.55,36.25,34.74
53,2020-07-14,81.05,79.27,78.11,76.17,48.74,32.34,36.06,34.46
54,2020-07-13,81.05,79.27,78.11,76.17,48.74,32.34,36.06,34.46
55,2020-07-12,80.94,79.17,78.01,76.05,48.54,32.17,35.88,34.25
56,2020-07-11,80.78,79.05,77.91,75.89,48.25,31.97,35.71,33.96
57,2020-07-10,80.78,79.05,77.91,75.89,48.25,31.97,35.71,33.96
58,2020-07-09,80.78,79.05,77.91,75.89,48.25,31.97,35.71,33.96
2,2020-07-08,80.78,79.05,77.91,75.89,48.25,31.97,35.71,33.96
4,2020-07-06,80.53,78.83,77.72,75.64,47.79,31.6,35.38,33.52
5,2020-07-05,80.53,78.83,77.72,75.64,47.79,31.6,35.38,33.52
6,2020-07-04,80.53,78.83,77.72,75.64,47.79,31.6,35.38,33.52
7,2020-07-03,80.53,78.83,77.72,75.64,47.79,31.6,35.38,33.52
8,2020-07-02,80.53,78.83,77.72,75.64,47.79,31.6,35.38,33.52
9,2020-07-01,80.53,78.83,77.72,75.64,47.79,31.6,35.38,33.52
10,2020-06-30,80.53,78.83,77.72,75.64,47.79,31.6,35.38,33.52
11,2020-06-29,80.53,78.83,77.72,75.64,47.79,31.6,35.38,33.52
12,2020-06-28,80.4,78.71,77.61,75.52,47.55,31.4,35.19,33.31
13,2020-06-27,80.4,78.71,77.61,75.52,47.55,31.4,35.19,33.31
14,2020-06-26,80.19,78.51,77.44,75.34,47.16,31.07,34.89,32.99
15,2020-06-25,80.02,78.34,77.29,75.18,46.85,30.78,34.63,32.71
16,2020-06-24,79.88,78.22,77.17,75.06,46.6,30.58,34.42,32.5
17,2020-06-23,79.4,77.76,76.77,74.63,45.71,29.82,33.72,31.74
18,2020-06-22,78.85,77.24,76.3,74.14,44.71,28.95,32.9,30.87
19,2020-06-21,78.27,76.69,75.8,73.61,43.64,28.03,32.03,29.94
20,2020-06-20,77.67,76.11,75.29,73.07,42.54,27.06,31.14,28.98
21,2020-06-19,77.06,75.53,74.77,72.53,41.42,26.09,30.24,28.03
22,2020-06-18,76.43,74.93,74.23,71.96,40.26,25.09,29.3,27.03
23,2020-06-17,75.79,74.32,73.69,71.38,39.09,24.07,28.36,26.0
24,2020-06-16,75.19,73.75,73.17,70.84,37.99,23.12,27.45,25.05
25,2020-06-15,74.62,73.21,72.69,70.33,36.94,22.22,26.62,24.15
26,2020-06-14,74.03,72.64,72.18,69.8,35.86,21.27,25.73,23.21
27,2020-06-13,73.39,72.03,71.64,69.23,34.69,20.25,24.79,22.21
28,2020-06-12,72.81,71.48,71.14,68.7,33.62,19.33,23.92,21.27
29,2020-06-11,72.22,70.92,70.64,68.17,32.54,18.4,23.04,20.34
30,2020-06-10,71.62,70.35,70.13,67.63,31.44,17.45,22.16,19.38
31,2020-06-09,71.17,69.92,69.74,67.23,30.61,16.73,21.48,18.68
32,2020-06-08,70.59,69.37,69.25,66.71,29.55,15.81,20.62,17.76
33,2020-06-07,69.99,68.79,68.74,66.17,28.45,14.84,19.74,16.8
34,2020-06-06,69.39,68.21,68.22,65.62,27.34,13.87,18.83,15.83
35,2020-06-05,69.39,68.21,68.22,65.62,27.34,13.87,18.83,15.83
36,2020-06-04,69.39,68.21,68.22,65.62,27.34,13.87,18.83,15.83
37,2020-06-03,69.39,68.21,68.22,65.62,27.34,13.87,18.83,15.83
38,2020-06-02,69.39,68.21,68.22,65.62,27.34,13.87,18.83,15.83
39,2020-06-01,69.39,68.21,68.22,65.62,27.34,13.87,18.83,15.83
40,2020-05-31,69.39,66.21,68.22,65.62,27.34,10.53,18.83,15.83
41,2020-05-30,69.39,66.21,68.22,65.62,27.34,10.53,18.83,15.83
42,2020-05-29,69.39,66.21,68.22,65.62,27.34,10.53,18.83,15.83
43,2020-05-28,69.39,66.21,68.22,65.62,27.34,10.53,18.83,15.83
44,2020-05-27,69.39,66.21,68.22,65.62,27.34,10.53,18.83,15.83
45,2020-05-26,69.39,66.21,68.22,65.62,27.34,10.53,18.83,15.83
46,2020-05-25,69.39,66.21,68.22,65.62,27.34,10.53,18.83,15.83
47,2020-05-24,69.39,66.21,68.22,65.62,27.34,10.53,18.83,15.83
48,2020-05-23,69.39,66.21,68.22,65.62,27.34,10.53,18.83,15.83
49,2020-05-22,69.39,66.21,68.22,65.62,27.34,10.53,18.83,15.83
50,2020-05-21,69.39,66.21,68.22,65.62,27.34,10.53,18.83,15.83
51,2020-05-20,69.39,66.21,68.22,65.62,27.34,10.53,18.83,15.83
52,2020-05-19,69.39,66.21,68.22,65.62,27.34,10.53,18.83,15.83
53,2020-05-18,69.39,66.21,68.22,65.62,27.34,10.53,18.83,15.83
54,2020-05-17,69.39,66.21,68.22,65.62,27.34,10.53,18.83,15.83
55,2020-05-16,69.39,66.21,68.22,65.62,27.34,10.53,18.83,15.83
56,2020-05-15,69.39,66.21,68.22,65.62,27.34,10.53,18.83,15.83
57,2020-05-14,69.39,66.21,68.22,65.62,27.34,10.53,18.83,15.83
58,2020-05-13,69.39,66.21,68.22,65.62,27.34,10.53,18.83,15.83
2,2020-05-12,69.39,66.21,68.22,65.62,27.34,10.53,18.83,15.83
4,2020-05-10,69.39,66.21,68.22,65.62,27.34,10.53,18.83,15.83
5,2020-05-09,69.39,66.21,68.22,65.62,27.34,10.53,18.83,15.83
6,2020-05-08,69.39,66.21,68.22,65.62,27.34,10.53,18.83,15.83
7,2020-05-07,69.39,66.21,68.22,65.62,27.34,10.53,18.83,15.83
8,2020-05-06,69.39,66.21,68.22,65.62,27.34,10.53,18.83,15.83
9,2020-05-05,69.39,66.21,68.22,65.62,27.34,10.53,18.83,15.83
10,2020-05-04,62.29,66.21,68.22,65.62,14.31,10.53,18.83,15.83
11,2020-05-03,62.29,66.21,65.71,65.62,14.31,10.53,14.46,15.83
12,2020-05-02,62.29,66.21,65.71,65.62,14.31,10.53,14.46,15.83
13,2020-05-01,62.29,66.21,65.71,65.62,14.31,10.53,14.46,15.83
14,2020-04-30,62.29,66.21,65.71,65.62,14.31,10.53,14.46,15.83
15,2020-04-29,62.29,66.21,65.71,65.62,14.31,10.53,14.46,15.83
16,2020-04-28,62.29,66.21,65.71,65.62,14.31,10.53,14.46,15.83
17,2020-04-27,62.29,66.21,65.71,65.62,14.31,10.53,14.46,15.83
18,2020-04-26,62.29,66.21,65.71,65.62,14.31,10.53,14.46,15.83
19,2020-04-25,62.29,66.21,65.71,65.62,14.31,10.53,14.46,15.83
20,2020-04-24,62.29,66.21,65.71,65.62,14.31,10.53,14.46,15.83
21,2020-04-23,62.29,66.21,65.71,65.62,14.31,10.53,14.46,15.83
22,2020-04-22,62.29,66.21,65.71,65.62,14.31,10.53,14.46,15.83
23,2020-04-21,62.29,66.21,65.71,65.62,14.31,10.53,14.46,15.83
24,2020-04-20,62.29,66.21,65.71,65.62,14.31,10.53,14.46,15.83
25,2020-04-19,62.29,66.21,65.71,65.62,14.31,10.53,14.46,15.83
26,2020-04-18,62.29,66.21,65.71,65.62,14.31,10.53,14.46,15.83
27,2020-04-17,62.29,66.21,65.71,65.62,14.31,10.53,14.46,15.83
28,2020-04-16,62.29,66.21,65.71,65.62,14.31,10.53,14.46,15.83
29,2020-04-15,62.29,66.21,65.71,65.62,14.31,10.53,14.46,15.83
30,2020-04-14,62.29,66.21,65.71,65.62,14.31,10.53,14.46,15.83
31,2020-04-13,62.29,66.21,65.71,65.62,14.31,10.53,14.46,15.83
32,2020-04-12,62.29,66.21,65.71,65.62,14.31,10.53,14.46,15.83
33,2020-04-11,62.29,66.21,65.71,65.62,14.31,10.53,14.46,15.83
34,2020-04-10,62.29,66.21,65.71,65.62,14.31,10.53,14.46,15.83
35,2020-04-09,62.29,66.21,65.71,65.62,14.31,10.53,14.46,15.83
36,2020-04-08,62.29,66.21,65.71,65.62,14.31,10.53,14.46,15.83
37,2020-04-07,62.29,66.21,65.71,65.62,14.31,10.53,14.46,15.83
38,2020-04-06,62.29,66.21,65.71,65.62,14.31,10.53,14.46,15.83
39,2020-04-05,62.29,66.21,65.71,65.62,14.31,10.53,14.46,15.83
40,2020-04-04,62.29,66.21,65.71,65.62,14.31,10.53,14.46,15.83
41,2020-04-03,62.29,66.21,65.71,65.62,14.31,10.53,14.46,15.83
42,2020-04-02,62.29,66.21,65.71,65.62,14.31,10.53,14.46,15.83
43,2020-04-01,62.29,66.21,65.71,65.62,14.31,10.53,14.46,15.83
44,2020-03-31,62.29,65.21,65.71,64.62,14.31,8.86,14.46,14.07
45,2020-03-30,62.29,65.21,65.71,64.62,14.31,8.86,14.46,14.07
46,2020-03-29,62.29,65.21,65.71,64.62,14.31,8.86,14.46,14.07
47,2020-03-28,62.29,65.21,65.71,64.62,14.31,8.86,14.46,14.07
48,2020-03-27,62.29,65.21,65.71,64.62,14.31,8.86,14.46,14.07
49,2020-03-26,62.29,65.21,65.71,64.62,14.31,8.86,14.46,14.07
50,2020-03-25,62.29,65.21,65.71,64.62,14.31,8.86,14.46,14.07
51,2020-03-24,62.29,65.21,65.71,64.62,14.31,8.86,14.46,14.07
52,2020-03-23,62.29,65.21,65.71,64.62,14.31,8.86,14.46,14.07
53,2020-03-22,62.29,65.21,65.71,64.62,14.31,8.86,14.46,14.07
54,2020-03-21,62.29,65.21,65.71,64.62,14.31,8.86,14.46,14.07
55,2020-03-20,62.29,65.21,65.71,64.62,14.31,8.86,14.46,14.07
56,2020-03-19,62.29,65.21,65.71,64.62,14.31,8.86,14.46,14.07
57,2020-03-18,62.29,65.21,65.71,64.62,14.31,8.86,14.46,14.07
58,2020-03-17,62.29,65.21,65.71,64.62,14.31,8.86,14.46,14.07
2,2020-03-16,62.29,65.21,65.71,64.62,14.31,8.86,14.46,14.07
4,2020-03-14,62.58,65.51,66.02,64.91,14.85,9.37,15.0,14.58
5,2020-03-13,62.74,65.68,66.19,65.07,15.14,9.65,15.29,14.86
6,2020-03-12,62.89,65.84,66.35,65.22,15.42,9.92,15.57,15.13
7,2020-03-11,63.01,65.97,66.48,65.34,15.64,10.13,15.8,15.34
8,2020-03-10,63.01,65.97,66.48,65.34,15.64,10.13,15.8,15.34
9,2020-03-09,63.26,66.24,66.75,65.59,16.09,10.58,16.27,15.78
10,2020-03-08,63.51,66.5,67.01,65.84,16.55,11.02,16.72,16.22
11,2020-03-07,63.69,66.69,67.21,66.02,16.88,11.34,17.07,16.54
12,2020-03-06,63.81,66.82,67.34,66.14,17.1,11.55,17.3,16.75
13,2020-03-05,63.94,66.96,67.47,66.27,17.34,11.79,17.52,16.98
14,2020-03-04,64.03,67.05,67.57,66.36,17.51,11.94,17.7,17.14
15,2020-03-03,64.03,67.05,67.57,66.36,17.51,11.94,17.7,17.14
16,2020-03-02,64.1,67.13,67.65,66.43,17.64,12.07,17.84,17.26
17,2020-03-01,64.3,67.34,67.86,66.63,18.0,12.42,18.2,17.62
18,2020-02-29,64.51,67.6,68.12,66.83,18.39,12.85,18.66,17.97
19,2020-02-28,64.6,67.69,68.21,66.92,18.55,13.01,18.81,18.13
20,2020-02-27,64.65,67.75,68.27,66.97,18.65,13.11,18.92,18.22
21,2020-02-26,64.7,67.8,68.32,67.02,18.74,13.19,19.0,18.31
22,2020-02-25,64.7,67.8,68.32,67.02,18.74,13.19,19.0,18.31
23,2020-02-24,64.7,67.8,68.32,67.02,18.74,13.19,19.0,18.31
24,2020-02-23,64.7,67.8,68.32,67.02,18.74,13.19,19.0,18.31
25,2020-02-22,64.65,67.75,68.27,66.97,18.65,13.11,18.92,18.22
26,2020-02-21,64.65,67.75,68.27,66.97,18.65,13.11,18.92,18.22
27,2020-02-20,64.65,67.75,68.27,66.97,18.65,13.11,18.92,18.22
28,2020-02-19,64.65,67.75,68.27,66.97,18.65,13.11,18.92,18.22
29,2020-02-18,64.65,67.75,68.27,66.97,18.65,13.11,18.92,18.22
30,2020-02-17,64.7,67.8,68.32,67.02,18.74,13.19,19.0,18.31
31,2020-02-16,64.7,67.8,68.32,67.02,18.74,13.19,19.0,18.31
32,2020-02-15,64.77,67.87,68.4,67.09,18.87,13.31,19.14,18.43
33,2020-02-14,64.77,67.87,68.4,67.09,18.87,13.31,19.14,18.43
34,2020-02-13,64.82,67.93,68.45,67.14,18.96,13.41,19.23,18.52
35,2020-02-12,64.87,67.98,68.5,67.19,19.05,13.49,19.32,18.61
36,2020-02-11,64.87,67.98,68.5,67.19,19.05,13.49,19.32,18.61
37,2020-02-10,65.07,68.19,68.72,67.39,19.42,13.84,19.7,18.96
38,2020-02-09,65.23,68.36,68.89,67.59,19.71,14.12,20.0,19.31
39,2020-02-08,65.43,68.57,69.1,67.79,20.08,14.47,20.36,19.66
40,2020-02-07,65.68,68.84,69.37,68.04,20.54,14.92,20.83,20.11
41,2020-02-06,65.92,69.09,69.63,68.29,20.98,15.34,21.29,20.55
42,2020-02-05,66.04,69.22,69.76,68.41,21.2,15.56,21.51,20.76
43,2020-02-04,66.04,69.22,69.76,68.41,21.2,15.56,21.51,20.76
44,2020-02-03,66.09,69.27,69.81,68.46,21.29,15.64,21.6,20.85
45,2020-02-02,66.14,69.36,69.89,68.54,21.38,15.79,21.74,20.99
46,2020-02-01,66.22,69.42,69.96,68.59,21.53,15.89,21.86,21.08
47,2020-01-31,66.28,69.47,70.01,68.64,21.64,15.98,21.95,21.17
48,2020-01-30,66.36,69.56,70.09,68.72,21.78,16.13,22.09,21.31
49,2020-01-29,66.58,69.79,70.33,68.94,22.19,16.51,22.5,21.69
50,2020-01-28,66.58,69.79,70.33,68.94,22.19,16.51,22.5,21.69
51,2020-01-27,66.71,69.93,70.47,69.07,22.43,16.74,22.75,21.92
52,2020-01-26,66.96,70.19,70.73,69.32,22.88,17.18,23.2,22.37
53,2020-01-25,67.31,70.56,71.11,69.67,23.53,17.8,23.86,22.98
54,2020-01-24,67.61,70.88,71.43,69.97,24.08,18.33,24.42,23.51
55,2020-01-23,67.86,71.15,71.7,70.22,24.54,18.78,24.89,23.95
56,2020-01-22,68.05,71.35,71.9,70.41,24.89,19.12,25.24,24.29
57,2020-01-21,68.05,71.35,71.9,70.41,24.89,19.12,25.24,24.29
58,2020-01-20,68.26,71.57,72.13,70.62,25.27,19.48,25.64,24.66
2,2020-01-19,68.45,71.77,72.33,70.81,25.62,19.82,25.99,25.0
4,2020-01-17,68.77,72.11,72.67,71.13,26.21,20.38,26.58,25.56
5,2020-01-16,68.92,72.27,72.83,71.29,26.48,20.65,26.86,25.84
6,2020-01-15,69.06,72.42,72.98,71.43,26.74,20.9,27.12,26.09
7,2020-01-14,69.06,72.42,72.98,71.43,26.74,20.9,27.12,26.09
8,2020-01-13,69.06,72.42,72.98,71.43,26.74,20.9,27.12,26.09
9,2020-01-12,69.11,72.47,73.04,71.48,26.83,20.98,27.23,26.18
10,2020-01-11,69.17,72.54,73.1,71.54,26.94,21.1,27.33,26.28
11,2020-01-10,69.05,72.41,72.97,71.42,26.72,20.88,27.1,26.07
12,2020-01-09,68.94,72.29,72.85,71.31,26.52,20.68,26.89,25.88
13,2020-01-08,68.79,72.14,72.69,71.15,26.24,20.43,26.62,25.6
14,2020-01-07,68.79,72.14,72.69,71.15,26.24,20.43,26.62,25.6
15,2020-01-06,68.68,72.02,72.58,71.04,26.04,20.23,26.42,25.4
16,2020-01-05,68.51,71.84,72.39,70.87,25.73,19.93,26.09,25.1
17,2020-01-04,68.4,71.72,72.28,70.76,25.53,19.73,25.9,24.91
18,2020-01-03,68.25,71.56,72.12,70.61,25.25,19.47,25.62,24.64
19,2020-01-02,68.1,71.43,71.98,70.49,24.98,19.25,25.38,24.43
20,2020-01-01,67.96,71.31,71.86,70.38,24.72,19.05,25.17,24.24
21,2019-12-31,67.96,71.31,71.86,70.38,24.72,19.05,25.17,24.24
22,2019-12-30,67.78,71.12,71.67,70.2,24.39,18.73,24.84,23.92
23,2019-12-29,67.6,70.93,71.48,70.02,24.06,18.41,24.51,23.6
24,2019-12-28,67.41,70.73,71.27,69.83,23.71,18.08,24.14,23.27
25,2019-12-27,67.24,70.55,71.09,69.66,23.4,17.78,23.83,22.97
26,2019-12-26,67.09,70.39,70.93,69.5,23.12,17.51,23.55,22.68
27,2019-12-25,66.99,70.28,70.82,69.4,22.94,17.33,23.36,22.51
28,2019-12-24,66.99,70.28,70.82,69.4,22.94,17.33,23.36,22.51
29,2019-12-23,66.94,70.23,70.77,69.35,22.85,17.25,23.27,22.42
30,2019-12-22,66.74,70.01,70.56,69.15,22.48,16.88,22.91,22.07
31,2019-12-21,66.54,69.8,70.34,68.95,22.11,16.53,22.52,21.71
32,2019-12-20,66.34,69.59,70.13,68.75,21.75,16.18,22.16,21.36
33,2019-12-19,66.19,69.43,69.97,68.6,21.47,15.91,21.88,21.09
34,2019-12-18,66.04,69.27,69.81,68.45,21.2,15.64,21.6,20.83
35,2019-12-17,66.04,69.27,69.81,68.45,21.2,15.64,21.6,20.83
36,2019-12-16,66.04,69.27,69.81,68.45,21.2,15.64,21.6,20.83
37,2019-12-15,66.04,69.27,69.81,68.45,21.2,15.64,21.6,20.83
38,2019-12-14,66.04,69.27,69.81,68.45,21.2,15.64,21.6,20.83
39,2019-12-13,66.04,69.27,69.81,68.45,21.2,15.64,21.6,20.83
40,2019-12-12,66.04,69.27,69.81,68.45,21.2,15.64,21.6,20.83
41,2019-12-11,66.04,69.27,69.81,68.45,21.2,15.64,21.6,20.83
42,2019-12-10,66.04,69.27,69.81,68.45,21.2,15.64,21.6,20.83
43,2019-12-09,66.04,69.27,69.81,68.45,21.2,15.64,21.6,20.83
44,2019-12-08,65.94,69.17,69.7,68.35,21.01,15.48,21.41,20.65
45,2019-12-07,65.84,69.06,69.59,68.25,20.83,15.29,21.22,20.48
46,2019-12-06,65.78,69.0,69.53,68.19,20.72,15.19,21.11,20.37
47,2019-12-05,65.78,69.0,69.53,68.19,20.72,15.19,21.11,20.37
48,2019-12-04,65.78,69.0,69.53,68.19,20.72,15.19,21.11,20.37
49,2019-12-03,65.78,69.0,69.53,68.19,20.72,15.19,21.11,20.37
50,2019-12-02,65.78,69.0,69.53,68.19,20.72,15.19,21.11,20.37
51,2019-12-01,65.78,69.0,69.53,68.19,20.72,15.19,21.11,20.37
52,2019-11-30,65.78,69.0,69.53,68.19,20.72,15.19,21.11,20.37
53,2019-11-29,65.78,69.0,69.53,68.19,20.72,15.19,21.11,20.37
54,2019-11-28,65.73,68.94,69.47,68.14,20.63,15.09,21.01,20.28
55,2019-11-27,65.73,68.94,69.47,68.14,20.63,15.09,21.01,20.28
56,2019-11-26,65.73,68.94,69.47,68.14,20.63,15.09,21.01,20.28
57,2019-11-25,65.73,68.94,69.47,68.14,20.63,15.09,21.01,20.28
58,2019-11-24,65.73,68.94,69.47,68.14,20.63,15.09,21.01,20.28
2,2019-11-23,65.79,69.01,69.54,68.2,20.74,15.21,21.13,20.39
4,2019-11-21,65.84,69.06,69.59,68.25,20.83,15.29,21.22,20.48
5,2019-11-20,65.84,69.06,69.59,68.25,20.83,15.29,21.22,20.48
6,2019-11-19,65.84,69.06,69.59,68.25,20.83,15.29,21.22,20.48
7,2019-11-18,65.79,69.01,69.54,68.2,20.74,15.21,21.13,20.39
8,2019-11-17,65.79,69.01,69.54,68.2,20.74,15.21,21.13,20.39
9,2019-11-16,65.79,69.01,69.54,68.2,20.74,15.21,21.13,20.39
10,2019-11-15,65.79,69.01,69.54,68.2,20.74,15.21,21.13,20.39
11,2019-11-14,65.79,69.01,69.54,68.2,20.74,15.21,21.13,20.39
12,2019-11-13,65.79,69.01,69.54,68.2,20.74,15.21,21.13,20.39
13,2019-11-12,65.79,69.01,69.54,68.2,20.74,15.21,21.13,20.39
14,2019-11-11,65.85,69.07,69.6,68.26,20.85,15.31,21.23,20.49
15,2019-11-10,65.91,69.13,69.67,68.32,20.96,15.41,21.36,20.6
16,2019-11-09,65.91,69.13,69.67,68.32,20.96,15.41,21.36,20.6
17,2019-11-08,65.84,69.06,69.59,68.25,20.83,15.29,21.22,20.48
18,2019-11-07,65.75,68.96,69.5,68.16,20.66,15.13,21.06,20.32
19,2019-11-06,65.75,68.96,69.5,68.16,20.66,15.13,21.06,20.32
20,2019-11-05,65.75,68.96,69.5,68.16,20.66,15.13,21.06,20.32
21,2019-11-04,65.75,68.96,69.5,68.16,20.66,15.13,21.06,20.32
22,2019-11-03,65.8,68.99,69.52,68.19,20.76,15.18,21.09,20.37
23,2019-11-02,65.8,68.99,69.52,68.19,20.76,15.18,21.09,20.37
24,2019-11-01,65.8,68.99,69.52,68.19,20.76,15.18,21.09,20.37
25,2019-10-31,65.85,69.01,69.55,68.21,20.85,15.21,21.15,20.41
26,2019-10-30,65.85,69.01,69.55,68.21,20.85,15.21,21.15,20.41
27,2019-10-29,65.85,69.01,69.55,68.21,20.85,15.21,21.15,20.41
28,2019-10-28,65.95,69.12,69.65,68.31,21.03,15.39,21.32,20.58
29,2019-10-27,65.95,69.12,69.65,68.31,21.03,15.39,21.32,20.58
30,2019-10-26,65.95,69.12,69.65,68.31,21.03,15.39,21.32,20.58
31,2019-10-25,66.0,69.17,69.71,68.36,21.12,15.48,21.42,20.67
32,2019-10-24,66.06,69.24,69.77,68.42,21.23,15.59,21.53,20.78
33,2019-10-23,66.11,69.29,69.83,68.47,21.33,15.68,21.63,20.86
34,2019-10-22,66.11,69.29,69.83,68.47,21.33,15.68,21.63,20.86
35,2019-10-21,66.17,69.35,69.89,68.53,21.44,15.78,21.74,20.97
36,2019-10-20,66.17,69.35,69.89,68.53,21.44,15.78,21.74,20.97
37,2019-10-19,66.24,69.43,69.96,68.6,21.56,15.91,21.86,21.09
38,2019-10-18,66.31,69.5,70.04,68.67,21.69,16.03,22.0,21.22
39,2019-10-17,66.41,69.61,70.15,68.77,21.88,16.21,22.19,21.39
40,2019-10-16,66.41,69.61,70.15,68.77,21.88,16.21,22.19,21.39
41,2019-10-15,66.41,69.61,70.15,68.77,21.88,16.21,22.19,21.39
42,2019-10-14,66.46,69.66,70.2,68.82,21.97,16.29,22.28,21.48
43,2019-10-13,66.46,69.66,70.2,68.82,21.97,16.29,22.28,21.48
44,2019-10-12,66.46,69.66,70.2,68.82,21.97,16.29,22.28,21.48
45,2019-10-11,66.6,69.81,70.35,68.96,22.22,16.54,22.54,21.73
46,2019-10-10,66.75,69.97,70.51,69.11,22.5,16.81,22.82,21.99
47,2019-10-09,66.81,70.03,70.57,69.17,22.61,16.91,22.92,22.1
48,2019-10-08,66.81,70.03,70.57,69.17,22.61,16.91,22.92,22.1
49,2019-10-07,66.91,70.14,70.68,69.27,22.79,17.1,23.11,22.28
50,2019-10-06,67.03,70.27,70.81,69.39,23.01,17.31,23.34,22.49
51,2019-10-05,67.15,70.39,70.94,69.51,23.23,17.51,23.57,22.7
52,2019-10-04,67.35,70.61,71.15,69.71,23.6,17.88,23.93,23.05
53,2019-10-03,67.43,70.69,71.24,69.79,23.75,18.01,24.09,23.2
54,2019-10-02,67.49,70.76,71.3,69.85,23.86,18.13,24.19,23.3
55,2019-10-01,67.49,70.76,71.3,69.85,23.86,18.13,24.19,23.3
56,2019-09-30,67.33,70.64,71.19,69.75,23.56,17.93,24.0,23.12
57,2019-09-29,67.24,70.55,71.09,69.66,23.4,17.78,23.83,22.97
58,2019-09-28,67.24,70.55,71.09,69.66,23.4,17.78,23.83,22.97
2,2019-09-27,67.24,70.55,71.09,69.66,23.4,17.78,23.83,22.97
4,2019-09-25,67.07,70.37,70.91,69.49,23.09,17.48,23.52,22.67
5,2019-09-24,67.07,70.37,70.91,69.49,23.09,17.48,23.52,22.67
6,2019-09-23,66.93,70.22,70.76,69.35,22.83,17.23,23.25,22.42
7,2019-09-22,66.74,70.01,70.56,69.15,22.48,16.88,22.91,22.07
8,2019-09-21,66.53,69.79,70.33,68.94,22.1,16.51,22.5,21.69
9,2019-09-20,66.29,69.54,70.07,68.7,21.66,16.09,22.05,21.27
10,2019-09-19,66.01,69.24,69.77,68.42,21.14,15.59,21.53,20.78
11,2019-09-18,65.82,69.04,69.57,68.23,20.79,15.26,21.18,20.44
12,2019-09-17,65.58,68.78,69.31,67.99,20.35,14.82,20.73,20.02
13,2019-09-16,65.43,68.62,69.15,67.84,20.08,14.56,20.45,19.75
14,2019-09-15,65.43,68.62,69.15,67.84,20.08,14.56,20.45,19.75
15,2019-09-14,65.37,68.56,69.09,67.78,19.97,14.46,20.34,19.65
16,2019-09-13,65.28,68.46,68.99,67.69,19.8,14.29,20.17,19.49
17,2019-09-12,65.19,68.37,68.9,67.6,19.64,14.14,20.01,19.33
18,2019-09-11,65.14,68.32,68.84,67.55,19.54,14.06,19.91,19.24
19,2019-09-10,65.14,68.32,68.84,67.55,19.54,14.06,19.91,19.24
20,2019-09-09,65.09,68.26,68.79,67.5,19.45,13.96,19.82,19.15
21,2019-09-08,65.09,68.26,68.79,67.5,19.45,13.96,19.82,19.15
22,2019-09-07,65.09,68.26,68.79,67.5,19.45,13.96,19.82,19.15
23,2019-09-06,65.14,68.31,68.84,67.54,19.54,14.04,19.91,19.22
24,2019-09-05,65.2,68.36,68.89,67.59,19.65,14.12,20.0,19.31
25,2019-09-04,65.25,68.41,68.94,67.63,19.75,14.21,20.08,19.38
26,2019-09-03,65.25,68.41,68.94,67.63,19.75,14.21,20.08,19.38
27,2019-09-02,65.25,68.41,68.94,67.63,19.75,14.21,20.08,19.38
28,2019-09-01,65.25,68.41,68.94,67.63,19.75,14.21,20.08,19.38
29,2019-08-31,65.25,68.41,68.94,67.63,19.75,14.21,20.08,19.38
30,2019-08-30,65.25,68.41,68.94,67.63,19.75,14.21,20.08,19.38
31,2019-08-29,65.3,68.46,68.99,67.68,19.84,14.29,20.17,19.47
32,2019-08-28,65.35,68.51,69.04,67.73,19.93,14.37,20.26,19.56
33,2019-08-27,65.35,68.51,69.04,67.73,19.93,14.37,20.26,19.56
34,2019-08-26,65.35,68.51,69.04,67.73,19.93,14.37,20.26,19.56
35,2019-08-25,65.26,68.42,68.95,67.64,19.77,14.22,20.1,19.4
36,2019-08-24,65.16,68.31,68.84,67.54,19.58,14.04,19.91,19.22
37,2019-08-23,65.11,68.26,68.79,67.49,19.49,13.96,19.82,19.14
38,2019-08-22,65.11,68.26,68.79,67.49,19.49,13.96,19.82,19.14
39,2019-08-21,65.11,68.26,68.79,67.49,19.49,13.96,19.82,19.14
40,2019-08-20,65.11,68.26,68.79,67.49,19.49,13.96,19.82,19.14
41,2019-08-19,65.18,68.33,68.86,67.56,19.62,14.07,19.94,19.26
42,2019-08-18,65.26,68.42,68.95,67.64,19.77,14.22,20.1,19.4
43,2019-08-17,65.38,68.55,69.08,67.76,19.99,14.44,20.33,19.61
44,2019-08-16,65.43,68.6,69.13,67.81,20.08,14.52,20.41,19.7
45,2019-08-15,65.43,68.6,69.13,67.81,20.08,14.52,20.41,19.7
46,2019-08-14,65.43,68.6,69.13,67.81,20.08,14.52,20.41,19.7
47,2019-08-13,65.43,68.6,69.13,67.81,20.08,14.52,20.41,19.7
48,2019-08-12,65.43,68.6,69.13,67.81,20.08,14.52,20.41,19.7
49,2019-08-11,65.49,68.66,69.19,67.87,20.19,14.62,20.52,19.81
50,2019-08-10,65.64,68.82,69.35,68.01,20.46,14.89,20.8,20.05
51,2019-08-09,65.75,68.94,69.47,68.08,20.66,15.09,21.01,20.18
52,2019-08-08,65.88,69.06,69.59,68.15,20.9,15.29,21.22,20.3
53,2019-08-07,65.94,69.11,69.64,68.17,21.01,15.38,21.3,20.34
54,2019-08-06,65.94,69.11,69.64,68.17,21.01,15.38,21.3,20.34
55,2019-08-05,65.94,69.11,69.64,68.17,21.01,15.38,21.3,20.34
56,2019-08-04,65.94,69.11,69.64,68.17,21.01,15.38,21.3,20.34
57,2019-08-03,66.0,69.17,69.71,68.19,21.12,15.48,21.42,20.37
58,2019-08-02,66.0,69.17,69.71,68.19,21.12,15.48,21.42,20.37
2,2019-08-01,66.0,69.17,69.71,68.19,21.12,15.48,21.42,20.37
4,2019-07-30,66.0,69.17,69.71,68.19,21.12,15.48,21.42,20.37
5,2019-07-29,66.07,69.25,69.78,68.22,21.25,15.61,21.55,20.42
6,2019-07-28,66.18,69.36,69.9,68.29,21.45,15.79,21.76,20.55
7,2019-07-27,66.18,69.36,69.9,68.29,21.45,15.79,21.76,20.55
8,2019-07-26,66.18,69.36,69.9,68.29,21.45,15.79,21.76,20.55
9,2019-07-25,66.18,69.36,69.9,68.29,21.45,15.79,21.76,20.55
10,2019-07-24,66.24,69.43,69.96,68.31,21.56,15.91,21.86,20.58
11,2019-07-23,66.24,69.43,69.96,68.31,21.56,15.91,21.86,20.58
12,2019-07-22,66.24,69.43,69.96,68.31,21.56,15.91,21.86,20.58
13,2019-07-21,66.24,69.43,69.96,68.31,21.56,15.91,21.86,20.58
14,2019-07-20,66.24,69.43,69.96,68.31,21.56,15.91,21.86,20.58
15,2019-07-19,66.24,69.43,69.96,68.31,21.56,15.91,21.86,20.58
16,2019-07-18,66.24,69.43,69.96,68.31,21.56,15.91,21.86,20.58
17,2019-07-17,66.24,69.43,69.96,68.31,21.56,15.91,21.86,20.58
18,2019-07-16,66.24,69.43,69.96,68.31,21.56,15.91,21.86,20.58
19,2019-07-15,66.24,69.43,69.96,68.31,21.56,15.91,21.86,20.58
20,2019-07-14,66.24,69.43,69.96,68.31,21.56,15.91,21.86,20.58
21,2019-07-13,66.24,69.43,69.96,68.31,21.56,15.91,21.86,20.58
22,2019-07-12,66.24,69.43,69.96,68.31,21.56,15.91,21.86,20.58
23,2019-07-11,66.34,69.53,70.07,68.37,21.75,16.08,22.05,20.69
24,2019-07-10,66.49,69.69,70.23,68.48,22.02,16.34,22.33,20.88
25,2019-07-09,66.49,69.69,70.23,68.48,22.02,16.34,22.33,20.88
26,2019-07-08,66.59,69.8,70.34,68.54,22.21,16.53,22.52,20.99
27,2019-07-07,66.69,69.9,70.48,68.59,22.39,16.69,22.77,21.08
28,2019-07-06,66.69,69.9,70.48,68.59,22.39,16.69,22.77,21.08
29,2019-07-05,64.33,67.4,67.96,66.23,18.06,12.52,18.38,16.91
30,2019-07-04,64.33,67.4,67.96,66.23,18.06,12.52,18.38,16.91
31,2019-07-03,64.33,67.4,67.96,66.23,18.06,12.52,18.38,16.91
32,2019-07-02,64.33,67.4,67.96,66.23,18.06,12.52,18.38,16.91
33,2019-07-01,64.27,67.36,67.96,66.16,17.95,12.45,18.38,16.79
34,2019-06-30,64.19,67.3,67.9,66.11,17.8,12.35,18.27,16.7
35,2019-06-29,64.11,67.22,67.81,66.03,17.65,12.22,18.12,16.56
36,2019-06-28,64.01,67.11,67.7,65.93,17.47,12.04,17.92,16.38
37,2019-06-27,63.95,67.05,67.64,65.87,17.36,11.94,17.82,16.28
38,2019-06-26,63.9,66.99,67.59,65.82,17.27,11.84,17.73,16.19
39,2019-06-25,63.9,66.99,67.59,65.82,17.27,11.84,17.73,16.19
40,2019-06-24,63.9,66.99,67.59,65.82,17.27,11.84,17.73,16.19
41,2019-06-23,63.84,66.93,67.52,65.76,17.16,11.74,17.61,16.08
42,2019-06-22,63.78,66.87,67.46,65.7,17.05,11.64,17.51,15.98
43,2019-06-21,63.78,66.87,67.46,65.7,17.05,11.64,17.51,15.98
44,2019-06-20,63.78,66.87,67.46,65.7,17.05,11.64,17.51,15.98
45,2019-06-19,63.84,66.93,67.52,65.76,17.16,11.74,17.61,16.08
46,2019-06-18,63.84,66.93,67.52,65.76,17.16,11.74,17.61,16.08
47,2019-06-17,63.84,66.93,67.52,65.76,17.16,11.74,17.61,16.08
48,2019-06-16,63.84,66.93,67.52,65.76,17.16,11.74,17.61,16.08
49,2019-06-15,63.93,67.03,67.62,65.85,17.32,11.9,17.78,16.24
50,2019-06-14,64.17,67.28,67.88,66.09,17.76,12.32,18.24,16.66
51,2019-06-13,64.33,67.45,68.05,66.25,18.06,12.6,18.53,16.95
52,2019-06-12,64.39,67.51,68.11,66.31,18.17,12.7,18.64,17.05
53,2019-06-11,64.39,67.51,68.11,66.31,18.17,12.7,18.64,17.05
54,2019-06-10,64.39,67.51,68.11,66.31,18.17,12.7,18.64,17.05
55,2019-06-09,64.5,67.63,68.23,66.42,18.37,12.9,18.85,17.25
56,2019-06-08,64.65,67.79,68.39,66.57,18.65,13.17,19.13,17.51
57,2019-06-07,64.9,68.06,68.66,66.82,19.1,13.62,19.6,17.95
2,2019-06-06,65.22,68.39,69.0,67.14,19.69,14.17,20.19,18.52
4,2019-06-04,65.56,68.76,69.36,67.48,20.32,14.79,20.82,19.12
5,2019-06-03,65.76,68.97,69.58,67.68,20.68,15.14,21.2,19.47
6,2019-06-02,66.16,69.37,69.98,68.06,21.42,15.81,21.9,20.14
7,2019-06-01,66.36,69.58,70.19,68.21,21.78,16.16,22.26,20.41
8,2019-05-31,66.51,69.69,70.31,68.27,22.06,16.34,22.47,20.51
9,2019-05-30,66.63,69.82,70.43,68.39,22.28,16.56,22.68,20.72
10,2019-05-29,66.69,69.88,70.5,68.45,22.39,16.66,22.8,20.83
11,2019-05-28,66.69,69.88,70.5,68.45,22.39,16.66,22.8,20.83
12,2019-05-27,66.64,69.83,70.45,68.4,22.3,16.58,22.71,20.74
13,2019-05-26,66.64,69.83,70.45,68.4,22.3,16.58,22.71,20.74
14,2019-05-25,66.57,69.75,70.37,68.33,22.17,16.44,22.57,20.62
15,2019-05-24,66.45,69.63,70.24,68.21,21.95,16.24,22.35,20.41
16,2019-05-23,66.29,69.46,70.07,68.05,21.66,15.96,22.05,20.12
17,2019-05-22,66.2,69.36,69.97,67.96,21.49,15.79,21.88,19.96
18,2019-05-21,66.2,69.36,69.97,67.96,21.49,15.79,21.88,19.96
19,2019-05-20,66.11,69.27,69.88,67.86,21.33,15.64,21.72,19.79
20,2019-05-19,65.96,69.11,69.72,67.71,21.05,15.38,21.44,19.52
21,2019-05-18,65.96,69.11,69.72,67.71,21.05,15.38,21.44,19.52
22,2019-05-17,65.96,69.11,69.72,67.71,21.05,15.38,21.44,19.52
23,2019-05-16,65.91,69.05,69.66,67.66,20.96,15.28,21.34,19.44
24,2019-05-15,65.86,69.0,69.61,67.61,20.87,15.19,21.25,19.35
25,2019-05-14,65.86,69.0,69.61,67.61,20.87,15.19,21.25,19.35
26,2019-05-13,65.98,69.13,69.74,67.73,21.09,15.41,21.48,19.56
27,2019-05-12,66.11,69.27,69.88,67.86,21.33,15.64,21.72,19.79
28,2019-05-11,66.28,69.45,70.06,68.04,21.64,15.94,22.03,20.11
29,2019-05-10,66.47,69.65,70.26,68.23,21.99,16.28,22.38,20.44
30,2019-05-09,66.56,69.74,70.36,68.32,22.15,16.43,22.56,20.6
31,2019-05-08,66.66,69.81,70.43,68.4,22.33,16.54,22.68,20.74
32,2019-05-07,66.66,69.81,70.43,68.4,22.33,16.54,22.68,20.74
33,2019-05-06,66.66,69.81,70.43,68.4,22.33,16.54,22.68,20.74
34,2019-05-05,66.66,69.81,70.43,68.4,22.33,16.54,22.68,20.74
35,2019-05-04,66.71,69.86,70.48,68.45,22.43,16.63,22.77,20.83
36,2019-05-03,66.66,69.77,70.39,68.39,22.33,16.48,22.61,20.72
37,2019-05-02,66.66,69.77,70.39,68.39,22.33,16.48,22.61,20.72
38,2019-05-01,66.71,69.83,70.44,68.45,22.43,16.58,22.7,20.83
39,2019-04-30,66.71,69.83,70.44,68.45,22.43,16.58,22.7,20.83
40,2019-04-29,66.66,69.77,70.39,68.4,22.33,16.48,22.61,20.74
41,2019-04-28,66.61,69.72,70.34,68.35,22.24,16.39,22.52,20.65
42,2019-04-27,66.61,69.72,70.34,68.35,22.24,16.39,22.52,20.65
43,2019-04-26,66.61,69.72,70.34,68.35,22.24,16.39,22.52,20.65
44,2019-04-25,66.54,69.65,70.26,68.28,22.11,16.28,22.38,20.53
45,2019-04-24,66.46,69.56,70.17,68.2,21.97,16.13,22.23,20.39
46,2019-04-23,66.46,69.56,70.17,68.2,21.97,16.13,22.23,20.39
47,2019-04-22,66.46,69.56,70.17,68.2,21.97,16.13,22.23,20.39
48,2019-04-21,66.46,69.56,70.17,68.2,21.97,16.13,22.23,20.39
49,2019-04-20,66.39,69.49,70.1,68.13,21.84,16.01,22.1,20.26
50,2019-04-19,66.31,69.4,70.01,68.05,21.69,15.86,21.95,20.12
51,2019-04-18,66.31,69.4,70.01,68.05,21.69,15.86,21.95,20.12
52,2019-04-17,66.31,69.4,70.01,68.05,21.69,15.86,21.95,20.12
53,2019-04-16,66.31,69.4,70.01,68.05,21.69,15.86,21.95,20.12
54,2019-04-15,66.26,69.35,69.96,68.0,21.6,15.78,21.86,20.04
2,2019-04-14,66.26,69.35,69.96,68.0,21.6,15.78,21.86,20.04
4,2019-04-12,66.19,69.27,69.89,67.93,21.47,15.64,21.74,19.91
5,2019-04-11,66.11,69.19,69.8,67.85,21.33,15.51,21.58,19.77
6,2019-04-10,66.11,69.19,69.8,67.85,21.33,15.51,21.58,19.77
7,2019-04-09,66.11,69.19,69.8,67.85,21.33,15.51,21.58,19.77
8,2019-04-08,66.11,69.19,69.8,67.85,21.33,15.51,21.58,19.77
9,2019-04-07,66.11,69.19,69.8,67.85,21.33,15.51,21.58,19.77
10,2019-04-06,66.19,69.27,69.89,67.93,21.47,15.64,21.74,19.91
11,2019-04-05,66.14,69.22,69.83,67.88,21.38,15.56,21.63,19.82
12,2019-04-04,66.14,69.22,69.83,67.88,21.38,15.56,21.63,19.82
13,2019-04-03,66.09,69.17,69.78,67.83,21.29,15.48,21.55,19.74
14,2019-04-02,66.09,69.17,69.78,67.83,21.29,15.48,21.55,19.74
15,2019-04-01,66.09,69.17,69.78,67.83,21.29,15.48,21.55,19.74
16,2019-03-31,66.14,69.27,69.88,67.92,21.38,15.64,21.72,19.89
17,2019-03-30,66.22,69.36,69.97,68.0,21.53,15.79,21.88,20.04
18,2019-03-29,66.3,69.44,70.05,68.08,21.67,15.93,22.02,20.18
19,2019-03-28,66.39,69.54,70.15,68.18,21.84,16.09,22.19,20.35
20,2019-03-27,66.49,69.64,70.26,68.28,22.02,16.26,22.38,20.53
21,2019-03-26,66.49,69.64,70.26,68.28,22.02,16.26,22.38,20.53
22,2019-03-25,66.49,69.64,70.26,68.28,22.02,16.26,22.38,20.53
23,2019-03-24,66.6,69.76,70.37,68.39,22.22,16.46,22.57,20.72
24,2019-03-23,66.6,69.76,70.37,68.39,22.22,16.46,22.57,20.72
25,2019-03-22,66.65,69.81,70.43,68.44,22.32,16.54,22.68,20.81
26,2019-03-21,66.72,69.89,70.5,68.51,22.44,16.68,22.8,20.94
27,2019-03-20,66.8,69.97,70.59,68.59,22.59,16.81,22.96,21.08
28,2019-03-19,66.8,69.97,70.59,68.59,22.59,16.81,22.96,21.08
29,2019-03-18,66.91,70.09,70.71,68.7,22.79,17.01,23.17,21.27
30,2019-03-17,67.06,70.25,70.87,68.85,23.07,17.28,23.45,21.54
31,2019-03-16,67.15,70.34,70.96,68.94,23.23,17.43,23.6,21.69
32,2019-03-15,67.22,70.42,71.04,69.01,23.36,17.56,23.74,21.82
33,2019-03-14,67.32,70.52,71.15,69.11,23.55,17.73,23.93,21.99
34,2019-03-13,67.37,70.58,71.2,69.16,23.64,17.83,24.02,22.08
35,2019-03-12,67.37,70.58,71.2,69.16,23.64,17.83,24.02,22.08
36,2019-03-11,67.44,70.65,71.27,69.23,23.77,17.95,24.14,22.21
37,2019-03-10,67.54,70.76,71.38,69.33,23.95,18.13,24.33,22.38
38,2019-03-09,67.54,70.76,71.38,69.33,23.95,18.13,24.33,22.38
39,2019-03-08,67.54,70.76,71.38,69.33,23.95,18.13,24.33,22.38
40,2019-03-07,67.64,70.86,71.49,69.43,24.13,18.3,24.53,22.56
41,2019-03-06,67.64,70.86,71.49,69.43,24.13,18.3,24.53,22.56
42,2019-03-05,67.64,70.86,71.49,69.43,24.13,18.3,24.53,22.56
43,2019-03-04,67.54,70.76,71.38,69.33,23.95,18.13,24.33,22.38
44,2019-03-03,67.41,70.62,71.24,69.2,23.71,17.9,24.09,22.15
45,2019-03-02,67.27,70.47,71.09,69.06,23.45,17.65,23.83,21.91
46,2019-03-01,67.12,70.31,70.93,68.91,23.18,17.38,23.55,21.64
47,2019-02-28,67.0,70.18,70.8,68.79,22.96,17.16,23.32,21.43
48,2019-02-27,66.92,70.1,70.72,68.71,22.81,17.03,23.18,21.29
49,2019-02-26,66.92,70.1,70.72,68.71,22.81,17.03,23.18,21.29
50,2019-02-25,66.8,69.97,70.59,68.59,22.59,16.81,22.96,21.08
51,2019-02-24,66.64,69.8,70.42,68.43,22.3,16.53,22.66,20.79
52,2019-02-23,66.55,69.71,70.32,68.34,22.13,16.38,22.49,20.64
53,2019-02-22,66.48,69.63,70.25,68.27,22.0,16.24,22.37,20.51
54,2019-02-21,66.33,69.47,70.09,68.12,21.73,15.98,22.09,20.25
2,2019-02-20,66.17,69.3,69.91,67.95,21.44,15.69,21.77,19.95
4,2019-02-18,66.11,69.23,69.84,67.89,21.33,15.58,21.65,19.84
5,2019-02-17,65.98,69.09,69.7,67.76,21.09,15.34,21.41,19.61
6,2019-02-16,65.86,68.97,69.57,67.64,20.87,15.14,21.18,19.4
7,2019-02-15,65.73,68.83,69.44,67.51,20.63,14.91,20.95,19.17
8,2019-02-14,65.67,68.76,69.37,67.45,20.52,14.79,20.83,19.06
9,2019-02-13,65.62,68.71,69.32,67.4,20.43,14.71,20.75,18.98
10,2019-02-12,65.62,68.71,69.32,67.4,20.43,14.71,20.75,18.98
11,2019-02-11,65.62,68.71,69.32,67.4,20.43,14.71,20.75,18.98
12,2019-02-10,65.56,68.65,69.25,67.34,20.32,14.61,20.62,18.87
13,2019-02-09,65.56,68.65,69.25,67.34,20.32,14.61,20.62,18.87
14,2019-02-08,65.56,68.65,69.25,67.34,20.32,14.61,20.62,18.87
15,2019-02-07,65.56,68.65,69.25,67.34,20.32,14.61,20.62,18.87
16,2019-02-06,65.51,68.59,69.2,67.29,20.22,14.51,20.54,18.78
17,2019-02-05,65.51,68.59,69.2,67.29,20.22,14.51,20.54,18.78
18,2019-02-04,65.61,68.7,69.31,67.39,20.41,14.69,20.73,18.96
19,2019-02-03,65.71,68.81,69.41,67.49,20.59,14.87,20.9,19.14
20,2019-02-02,65.71,68.81,69.41,67.49,20.59,14.87,20.9,19.14
21,2019-02-01,65.71,68.81,69.41,67.49,20.59,14.87,20.9,19.14
22,2019-01-31,65.81,68.91,69.52,67.59,20.77,15.04,21.09,19.31
23,2019-01-30,65.89,69.0,69.61,67.67,20.92,15.19,21.25,19.45
24,2019-01-29,65.89,69.0,69.61,67.67,20.92,15.19,21.25,19.45
25,2019-01-28,66.0,69.11,69.72,67.78,21.12,15.38,21.44,19.65
26,2019-01-27,66.0,69.11,69.72,67.78,21.12,15.38,21.44,19.65
27,2019-01-26,66.0,69.11,69.72,67.78,21.12,15.38,21.44,19.65
28,2019-01-25,66.0,69.11,69.72,67.78,21.12,15.38,21.44,19.65
29,2019-01-24,65.9,69.01,69.62,67.68,20.94,15.21,21.27,19.47
30,2019-01-23,65.9,69.01,69.62,67.68,20.94,15.21,21.27,19.47
31,2019-01-22,65.9,69.01,69.62,67.68,20.94,15.21,21.27,19.47
32,2019-01-21,65.71,68.81,69.41,67.49,20.59,14.87,20.9,19.14
33,2019-01-20,65.45,68.53,69.14,67.23,20.11,14.41,20.43,18.68
34,2019-01-19,65.16,68.22,68.83,66.93,19.58,13.89,19.89,18.15
35,2019-01-18,64.97,68.02,68.62,66.74,19.23,13.56,19.53,17.81
36,2019-01-17,64.78,67.82,68.42,66.55,18.88,13.22,19.18,17.48
37,2019-01-16,64.59,67.62,68.22,66.36,18.54,12.89,18.83,17.14
38,2019-01-15,64.47,67.49,68.09,66.24,18.32,12.67,18.6,16.93
39,2019-01-14,64.18,67.18,67.78,65.95,17.78,12.15,18.06,16.42
40,2019-01-13,63.69,66.66,67.25,65.46,16.88,11.29,17.14,15.55
41,2019-01-12,63.1,66.04,66.62,64.87,15.8,10.25,16.04,14.51
42,2019-01-11,62.81,65.73,66.31,64.58,15.27,9.73,15.5,14.0
43,2019-01-10,62.53,65.43,66.01,64.3,14.76,9.23,14.98,13.5
44,2019-01-09,62.24,65.12,65.7,64.01,14.22,8.71,14.44,12.99
45,2019-01-08,62.24,65.12,65.7,64.01,14.22,8.71,14.44,12.99
46,2019-01-07,62.24,65.12,65.7,64.01,14.22,8.71,14.44,12.99
47,2019-01-06,62.16,65.04,65.62,63.93,14.08,8.58,14.3,12.85
48,2019-01-05,62.26,65.14,65.72,64.03,14.26,8.75,14.47,13.03
49,2019-01-04,62.44,65.34,65.91,64.21,14.59,9.08,14.81,13.35
50,2019-01-03,62.66,65.56,66.14,64.42,14.99,9.45,15.21,13.72
51,2019-01-02,62.66,65.56,66.14,64.42,14.99,9.45,15.21,13.72
52,2019-01-01,62.66,65.56,66.14,64.42,14.99,9.45,15.21,13.72
53,2018-12-31,62.86,65.76,66.35,64.61,15.36,9.78,15.57,14.05
54,2018-12-30,63.09,66.01,66.59,64.84,15.78,10.2,15.99,14.46
2,2018-12-29,63.32,66.25,66.84,65.07,16.2,10.6,16.43,14.86
4,2018-12-27,63.76,66.72,67.31,65.51,17.01,11.39,17.24,15.64
5,2018-12-26,63.83,66.79,67.38,65.59,17.14,11.5,17.37,15.78
6,2018-12-25,63.83,66.79,67.38,65.59,17.14,11.5,17.37,15.78
7,2018-12-24,63.83,66.79,67.38,65.59,17.14,11.5,17.37,15.78
8,2018-12-23,64.01,66.98,67.58,65.77,17.47,11.82,17.71,16.1
9,2018-12-22,64.19,67.17,67.77,65.95,17.8,12.14,18.05,16.42
10,2018-12-21,64.39,67.39,67.98,66.15,18.17,12.5,18.41,16.77
11,2018-12-20,64.54,67.55,68.14,66.3,18.44,12.77,18.69,17.03
12,2018-12-19,64.54,67.55,68.14,66.3,18.44,12.77,18.69,17.03
13,2018-12-18,64.54,67.55,68.14,66.3,18.44,12.77,18.69,17.03
14,2018-12-17,64.47,67.47,68.07,66.23,18.32,12.64,18.57,16.91
15,2018-12-16,64.38,67.38,67.97,66.14,18.15,12.49,18.39,16.75
16,2018-12-15,64.5,67.5,68.1,66.26,18.37,12.69,18.62,16.96
17,2018-12-14,64.57,67.58,68.18,66.33,18.5,12.82,18.76,17.09
18,2018-12-13,64.66,67.66,68.26,66.4,18.66,12.95,18.9,17.21
19,2018-12-12,64.66,67.66,68.26,67.4,18.66,12.95,18.9,18.98
20,2018-12-11,64.66,67.66,68.26,66.4,18.66,12.95,18.9,17.21
21,2018-12-10,64.82,67.81,68.41,66.55,18.96,13.21,19.16,17.48
22,2018-12-09,65.09,68.1,68.7,66.82,19.45,13.69,19.67,17.95
23,2018-12-08,65.3,68.32,68.93,67.03,19.84,14.06,20.07,18.32
24,2018-12-07,65.55,68.59,69.19,67.28,20.3,14.51,20.52,18.76
25,2018-12-06,65.96,69.02,69.63,67.69,21.05,15.23,21.29,19.49
26,2018-12-05,66.39,69.48,70.09,68.12,21.84,15.99,22.09,20.25
27,2018-12-04,66.39,69.48,70.09,68.12,21.84,15.99,22.09,20.25
28,2018-12-03,66.66,69.77,70.38,68.39,22.33,16.48,22.59,20.72
29,2018-12-02,67.02,70.15,70.77,68.75,23.0,17.11,23.27,21.36
30,2018-12-01,67.35,70.5,71.12,69.08,23.6,17.7,23.88,21.94
31,2018-11-30,67.72,70.89,71.52,69.57,24.28,18.35,24.58,22.81
32,2018-11-29,68.13,71.33,71.95,69.98,25.03,19.08,25.33,23.53
33,2018-11-28,68.49,71.71,72.34,70.34,25.69,19.72,26.01,24.17
34,2018-11-27,68.89,72.13,72.77,70.74,26.43,20.42,26.75,24.87
35,2018-11-26,69.29,72.56,73.2,71.14,27.16,21.14,27.5,25.58
36,2018-11-25,69.7,72.99,73.63,71.55,27.91,21.85,28.25,26.3
37,2018-11-24,70.16,73.48,74.13,72.01,28.76,22.67,29.12,27.11
38,2018-11-23,70.56,73.91,74.55,72.41,29.49,23.39,29.86,27.82
39,2018-11-22,70.97,74.34,74.99,72.83,30.24,24.11,30.62,28.56
40,2018-11-21,71.27,74.66,75.31,73.13,30.79,24.64,31.18,29.09
41,2018-11-20,71.27,74.66,75.31,73.13,30.79,24.64,31.18,29.09
42,2018-11-19,71.39,74.79,75.44,73.25,31.01,24.86,31.41,29.3
43,2018-11-18,71.56,74.97,75.63,73.42,31.33,25.16,31.74,29.6
44,2018-11-17,71.74,75.16,75.82,73.6,31.66,25.48,32.07,29.92
45,2018-11-16,71.93,75.36,76.02,73.79,32.01,25.81,32.42,30.26
46,2018-11-15,72.09,75.53,76.19,73.95,32.3,26.09,32.71,30.54
47,2018-11-14,72.19,75.64,76.3,74.05,32.48,26.28,32.9,30.71
48,2018-11-13,72.19,75.64,76.3,74.05,32.48,26.28,32.9,30.71
49,2018-11-12,72.31,75.76,76.43,74.17,32.7,26.48,33.13,30.93
50,2018-11-11,72.46,75.92,76.59,74.32,32.98,26.74,33.41,31.19
51,2018-11-10,72.58,76.05,76.72,74.44,33.2,26.96,33.64,31.4
52,2018-11-09,72.74,76.22,76.89,74.6,33.49,27.25,33.93,31.69
53,2018-11-08,72.89,76.38,77.05,74.75,33.77,27.51,34.21,31.95
54,2018-11-07,73.07,76.57,77.24,74.93,34.1,27.83,34.54,32.27
2,2018-11-06,73.07,76.57,77.24,74.93,34.1,27.83,34.54,32.27
4,2018-11-04,73.36,76.88,77.55,75.22,34.63,28.35,35.08,32.78
5,2018-11-03,73.53,77.06,77.73,75.39,34.94,28.65,35.39,33.08
6,2018-11-02,73.64,77.18,77.85,75.5,35.14,28.85,35.6,33.27
7,2018-11-01,73.78,77.32,78.0,75.63,35.4,29.08,35.86,33.5
8,2018-10-31,73.78,77.32,78.0,75.63,35.4,29.08,35.86,33.5
9,2018-10-30,73.78,77.32,78.0,75.63,35.4,29.08,35.86,33.5
10,2018-10-29,73.85,77.4,78.08,75.7,35.53,29.22,36.0,33.63
11,2018-10-28,74.05,77.61,78.29,75.9,35.9,29.57,36.37,33.98
12,2018-10-27,74.38,77.96,78.64,76.23,36.5,30.15,36.98,34.56
13,2018-10-26,74.73,78.33,79.02,76.58,37.14,30.77,37.64,35.18
14,2018-10-25,74.8,78.41,79.09,76.65,37.27,30.9,37.76,35.3
15,2018-10-24,74.85,78.46,79.15,76.7,37.36,30.98,37.87,35.39
16,2018-10-23,74.85,78.46,79.15,76.7,37.36,30.98,37.87,35.39
17,2018-10-22,74.92,78.54,79.22,76.77,37.49,31.12,37.99,35.52
18,2018-10-21,75.19,78.82,79.51,77.04,37.99,31.59,38.5,35.99
19,2018-10-20,75.36,79.0,79.69,77.21,38.3,31.89,38.81,36.29
20,2018-10-19,75.48,79.13,79.82,77.33,38.52,32.1,39.04,36.5
21,2018-10-18,75.58,79.24,79.93,77.43,38.7,32.29,39.23,36.68
22,2018-10-17,75.69,79.35,80.04,77.54,38.91,32.47,39.42,36.88
23,2018-10-16,75.69,79.35,80.04,77.54,38.91,32.47,39.42,36.88
24,2018-10-15,75.46,79.11,79.8,77.31,38.48,32.07,39.0,36.47
25,2018-10-14,75.38,79.02,79.71,77.23,38.34,31.92,38.84,36.33
26,2018-10-13,75.19,78.82,79.51,77.04,37.99,31.59,38.5,35.99
27,2018-10-12,74.9,78.51,79.2,76.75,37.46,31.07,37.96,35.48
28,2018-10-11,74.62,78.22,78.9,76.47,36.94,30.58,37.43,34.99
29,2018-10-10,74.35,77.93,78.61,76.2,36.45,30.1,36.93,34.51
30,2018-10-09,74.11,77.68,78.35,75.96,36.01,29.68,36.47,34.09
31,2018-10-08,73.82,77.37,78.04,75.67,35.47,29.17,35.93,33.57
32,2018-10-07,73.53,77.06,77.73,75.38,34.94,28.65,35.39,33.06
33,2018-10-06,73.24,76.75,77.42,75.09,34.41,28.13,34.85,32.55
34,2018-10-05,72.95,77.45,77.11,74.8,33.88,29.3,34.31,32.04
35,2018-10-04,75.45,80.1,79.79,77.3,38.47,33.72,38.98,36.45
36,2018-10-03,75.25,79.89,79.57,77.1,38.1,33.37,38.6,36.1
37,2018-10-02,75.25,79.89,79.57,77.1,38.1,33.37,38.6,36.1
38,2018-10-01,75.09,79.72,79.4,76.94,37.81,33.09,38.3,35.82
39,2018-09-30,74.79,79.4,79.08,76.64,37.25,32.55,37.75,35.29
40,2018-09-29,74.63,79.23,78.91,76.48,36.96,32.27,37.45,35.0
41,2018-09-28,74.42,79.01,78.69,76.27,36.58,31.9,37.07,34.63
42,2018-09-27,74.24,78.82,78.49,76.09,36.25,31.59,36.72,34.32
43,2018-09-26,74.12,78.69,78.36,75.97,36.02,31.37,36.49,34.1
44,2018-09-25,74.12,78.69,78.36,75.97,36.02,31.37,36.49,34.1
45,2018-09-24,74.02,78.58,78.26,75.87,35.84,31.19,36.32,33.93
46,2018-09-23,73.97,78.53,78.2,75.82,35.75,31.1,36.21,33.84
47,2018-09-22,73.87,78.42,78.1,75.72,35.57,30.92,36.04,33.66
48,2018-09-21,73.87,78.42,78.1,75.72,35.57,30.92,36.04,33.66
49,2018-09-20,73.87,78.42,78.1,75.72,35.57,30.92,36.04,33.66
50,2018-09-19,73.87,78.42,78.1,75.72,35.57,30.92,36.04,33.66
51,2018-09-18,73.87,78.42,78.1,75.72,35.57,30.92,36.04,33.66
52,2018-09-17,73.78,78.33,78.0,75.63,35.4,30.77,35.86,33.5
53,2018-09-16,73.72,78.26,77.94,75.57,35.29,30.65,35.76,33.4
54,2018-09-15,73.54,78.07,77.74,75.39,34.96,30.33,35.41,33.08
2,2018-09-14,73.3,77.82,77.49,75.15,34.52,29.92,34.98,32.66
4,2018-09-12,72.97,77.47,77.13,74.82,33.91,29.33,34.35,32.07
5,2018-09-11,72.97,77.47,77.13,75.82,33.91,29.33,34.35,33.84
6,2018-09-10,72.83,77.32,76.98,75.68,33.66,29.08,34.09,33.59
7,2018-09-09,72.61,77.09,76.75,75.46,33.25,28.7,33.69,33.2
8,2018-09-08,72.51,76.98,76.64,75.36,33.07,28.51,33.5,33.03
9,2018-09-07,72.07,76.51,76.17,74.92,32.26,27.73,32.68,32.25
10,2018-09-06,71.55,75.96,75.61,74.4,31.31,26.81,31.7,31.33
11,2018-09-05,71.34,75.74,75.39,74.19,30.92,26.44,31.32,30.96
12,2018-09-04,71.34,75.74,75.39,74.19,30.92,26.44,31.32,30.96
13,2018-09-03,71.15,75.54,75.19,74.0,30.57,26.11,30.97,30.63
14,2018-09-02,70.76,75.12,74.77,73.61,29.86,25.41,30.24,29.94
15,2018-09-01,70.42,74.76,74.41,73.27,29.23,24.81,29.61,29.34
16,2018-08-31,70.21,74.54,74.18,73.06,28.85,24.44,29.21,28.97
17,2018-08-30,69.93,74.24,73.88,72.78,28.34,23.94,28.69,28.47
18,2018-08-29,69.75,74.05,73.69,72.6,28.01,23.62,28.36,28.16
19,2018-08-28,69.61,73.9,73.54,72.46,27.75,23.37,28.1,27.91
20,2018-08-27,69.46,73.74,73.38,72.31,27.47,23.11,27.82,27.64
21,2018-08-26,69.32,73.59,73.23,72.16,27.22,22.85,27.56,27.38
22,2018-08-25,69.18,73.44,73.08,72.02,26.96,22.6,27.29,27.13
23,2018-08-24,69.18,73.44,73.08,72.02,26.96,22.6,27.29,27.13
24,2018-08-23,69.1,73.36,72.99,71.94,26.81,22.47,27.14,26.99
25,2018-08-22,69.1,73.36,72.99,71.94,26.81,22.47,27.14,26.99
26,2018-08-21,69.1,73.36,72.99,71.94,26.81,22.47,27.14,26.99
27,2018-08-20,69.04,73.3,72.93,71.88,26.7,22.37,27.03,26.88
28,2018-08-19,68.92,73.17,72.8,71.76,26.48,22.15,26.81,26.67
29,2018-08-18,68.86,73.1,72.74,71.7,26.37,22.04,26.7,26.57
30,2018-08-17,68.86,73.1,72.74,71.7,26.37,22.04,26.7,26.57
31,2018-08-16,68.78,73.02,72.65,71.62,26.22,21.9,26.55,26.43
32,2018-08-15,68.72,72.96,72.59,71.56,26.11,21.8,26.44,26.32
33,2018-08-14,68.72,72.96,72.59,71.56,26.11,21.8,26.44,26.32
34,2018-08-13,68.72,72.96,72.59,71.56,26.11,21.8,26.44,26.32
35,2018-08-12,68.77,73.01,72.64,71.61,26.21,21.89,26.53,26.41
36,2018-08-11,68.71,72.94,72.57,71.55,26.1,21.77,26.41,26.3
37,2018-08-10,68.57,72.8,72.43,71.41,25.84,21.54,26.16,26.05
38,2018-08-09,68.5,72.72,72.35,71.31,25.71,21.4,26.02,25.88
39,2018-08-08,68.5,72.72,72.35,71.31,25.71,21.4,26.02,25.88
40,2018-08-07,68.5,72.72,72.35,71.31,25.71,21.4,26.02,25.88
41,2018-08-06,68.44,72.66,72.29,71.22,25.6,21.3,25.92,25.72
42,2018-08-05,68.32,72.53,72.16,71.1,25.38,21.09,25.69,25.51
43,2018-08-04,68.2,72.4,72.03,70.98,25.16,20.87,25.47,25.3
44,2018-08-03,68.02,72.21,71.84,70.8,24.83,20.55,25.13,24.98
45,2018-08-02,67.93,72.12,71.74,70.69,24.67,20.4,24.96,24.78
46,2018-08-01,67.82,72.0,71.62,70.58,24.46,20.2,24.75,24.59
47,2018-07-31,67.82,72.0,71.62,70.58,24.46,20.2,24.75,24.59
48,2018-07-30,67.75,71.93,71.55,70.51,24.33,20.08,24.63,24.47
49,2018-07-29,67.62,71.79,71.41,70.37,24.1,19.85,24.39,24.22
50,2018-07-28,67.62,71.79,71.41,70.37,24.1,19.85,24.39,24.22
51,2018-07-27,67.72,71.89,71.52,70.43,24.28,20.02,24.58,24.32
52,2018-07-26,67.79,71.97,71.59,70.48,24.41,20.15,24.7,24.41
53,2018-07-25,67.79,71.97,71.59,70.48,24.41,20.15,24.7,24.41
54,2018-07-24,67.79,71.97,71.59,70.48,24.41,20.15,24.7,24.41
2,2018-07-23,67.89,72.07,71.7,70.56,24.59,20.32,24.89,24.55
4,2018-07-21,68.08,72.28,71.9,70.71,24.94,20.67,25.24,24.82
5,2018-07-20,68.23,72.44,72.06,70.84,25.22,20.93,25.52,25.05
6,2018-07-19,68.35,72.56,72.19,70.94,25.44,21.14,25.74,25.23
7,2018-07-18,68.47,72.65,72.28,71.03,25.66,21.29,25.9,25.38
8,2018-07-17,68.47,72.65,72.28,71.03,25.66,21.29,25.9,25.38
9,2018-07-16,68.47,72.65,72.28,71.03,25.66,21.29,25.9,25.38
10,2018-07-15,68.61,72.8,72.43,71.16,25.91,21.54,26.16,25.61
11,2018-07-14,68.61,72.8,72.43,71.16,25.91,21.54,26.16,25.61
12,2018-07-13,68.43,72.61,72.24,70.98,25.58,21.22,25.83,25.3
13,2018-07-12,68.3,72.47,72.1,70.85,25.34,20.98,25.59,25.07
14,2018-07-11,68.23,72.4,72.03,70.78,25.22,20.87,25.47,24.94
15,2018-07-10,68.23,72.4,72.03,70.78,25.22,20.87,25.47,24.94
16,2018-07-09,68.07,72.23,71.85,70.62,24.92,20.58,25.15,24.66
17,2018-07-08,67.86,72.0,71.63,70.41,24.54,20.2,24.77,24.29
18,2018-07-07,67.76,71.9,71.52,70.31,24.35,20.03,24.58,24.11
19,2018-07-06,67.66,71.79,71.42,70.21,24.17,19.85,24.4,23.94
20,2018-07-05,67.5,71.62,71.24,70.05,23.88,19.57,24.09,23.65
21,2018-07-04,67.38,71.49,71.12,69.93,23.66,19.35,23.88,23.44
22,2018-07-03,67.38,71.49,71.12,69.93,23.66,19.35,23.88,23.44
23,2018-07-02,67.38,71.49,71.12,69.93,23.66,19.35,23.88,23.44
24,2018-07-01,67.38,71.49,71.12,69.93,23.66,19.35,23.88,23.44
25,2018-06-30,67.38,71.49,71.12,69.93,23.66,19.35,23.88,23.44
26,2018-06-29,67.38,71.49,71.12,69.93,23.66,19.35,23.88,23.44
27,2018-06-28,67.38,71.52,71.12,69.93,23.66,19.4,23.88,23.44
28,2018-06-27,67.38,71.52,71.12,69.93,23.66,19.4,23.88,23.44
29,2018-06-26,67.38,71.52,71.12,69.93,23.66,19.4,23.88,23.44
30,2018-06-25,67.48,71.66,71.22,70.03,23.84,19.63,24.06,23.62
31,2018-06-24,67.54,71.76,71.29,70.09,23.95,19.8,24.18,23.72
32,2018-06-23,67.61,71.87,71.36,70.16,24.08,19.98,24.3,23.85
33,2018-06-22,67.68,71.99,71.44,70.23,24.21,20.18,24.44,23.97
34,2018-06-21,67.68,71.99,71.44,70.23,24.21,20.18,24.44,23.97
35,2018-06-20,67.78,72.13,71.54,70.33,24.39,20.42,24.61,24.15
36,2018-06-19,67.78,72.13,71.54,70.33,24.39,20.42,24.61,24.15
37,2018-06-18,67.78,72.13,71.54,70.33,24.39,20.42,24.61,24.15
38,2018-06-17,67.78,72.13,71.54,70.33,24.39,20.42,24.61,24.15
39,2018-06-16,67.85,72.24,71.62,70.4,24.52,20.6,24.75,24.27
40,2018-06-15,67.85,72.24,71.62,70.4,24.52,20.6,24.75,24.27
41,2018-06-14,67.85,72.24,71.62,70.4,24.52,20.6,24.75,24.27
42,2018-06-13,67.85,72.24,71.62,70.4,24.52,20.6,24.75,24.27
43,2018-06-12,67.85,72.24,71.62,70.4,24.52,20.6,24.75,24.27
44,2018-06-11,67.95,72.35,71.73,70.5,24.7,20.78,24.94,24.45
45,2018-06-10,68.1,72.51,71.89,70.65,24.98,21.05,25.22,24.71
46,2018-06-09,68.28,72.7,72.08,70.83,25.31,21.37,25.55,25.03
47,2018-06-08,68.58,73.02,72.4,71.13,25.86,21.9,26.11,25.56
48,2018-06-07,68.73,73.17,72.56,71.28,26.13,22.15,26.39,25.83
49,2018-06-06,68.8,73.25,72.64,71.35,26.26,22.29,26.53,25.95
50,2018-06-05,68.88,73.33,72.72,71.43,26.41,22.42,26.67,26.09
51,2018-06-04,68.97,73.43,72.82,71.52,26.57,22.59,26.84,26.25
52,2018-06-03,69.11,73.58,72.97,71.66,26.83,22.84,27.1,26.5
53,2018-06-02,69.11,73.58,72.97,71.66,26.83,22.84,27.1,26.5
54,2018-06-01,69.2,73.67,73.06,71.75,27.0,22.99,27.26,26.65
2,2018-05-31,69.25,73.73,73.12,71.8,27.09,23.09,27.36,26.74
4,2018-05-29,69.31,73.79,73.18,71.86,27.2,23.19,27.47,26.85
5,2018-05-28,69.17,73.64,73.03,71.72,26.94,22.94,27.21,26.6
6,2018-05-27,69.06,73.53,72.91,71.61,26.74,22.75,27.0,26.41
7,2018-05-26,68.9,73.36,72.74,71.45,26.45,22.47,26.7,26.13
8,2018-05-25,68.75,73.2,72.58,71.3,26.17,22.2,26.42,25.86
9,2018-05-24,68.53,72.96,72.35,71.08,25.77,21.8,26.02,25.47
10,2018-05-23,68.34,72.76,72.14,70.89,25.42,21.47,25.66,25.14
11,2018-05-22,68.08,72.48,71.87,70.63,24.94,21.0,25.19,24.68
12,2018-05-21,67.82,72.21,71.59,70.37,24.46,20.55,24.7,24.22
13,2018-05-20,67.57,71.94,71.32,70.12,24.0,20.1,24.23,23.78
14,2018-05-19,67.31,71.67,71.04,69.86,23.53,19.65,23.74,23.32
15,2018-05-18,67.08,71.42,70.8,69.63,23.11,19.23,23.32,22.91
16,2018-05-17,66.79,71.12,70.49,69.33,22.57,18.73,22.78,22.38
17,2018-05-16,66.57,70.88,70.25,69.11,22.17,18.33,22.37,21.99
18,2018-05-15,66.36,70.66,70.02,68.9,21.78,17.96,21.96,21.62
19,2018-05-14,66.14,70.43,69.79,68.68,21.38,17.58,21.56,21.24
20,2018-05-13,65.93,70.2,69.56,68.63,20.99,17.2,21.16,21.15
21,2018-05-12,65.93,70.2,69.56,68.63,20.99,17.2,21.16,21.15
22,2018-05-11,65.93,70.2,69.56,68.63,20.99,17.2,21.16,21.15
23,2018-05-10,65.93,70.2,69.56,68.63,20.99,17.2,21.16,21.15
24,2018-05-09,65.93,70.2,69.56,68.63,20.99,17.2,21.16,21.15
25,2018-05-08,65.93,70.2,69.56,68.63,20.99,17.2,21.16,21.15
26,2018-05-07,65.93,70.2,69.56,68.63,20.99,17.2,21.16,21.15
27,2018-05-06,65.93,70.2,69.56,68.63,20.99,17.2,21.16,21.15
28,2018-05-05,65.93,70.2,69.56,68.63,20.99,17.2,21.16,21.15
29,2018-05-04,65.93,70.2,69.56,68.63,20.99,17.2,21.16,21.15
30,2018-05-03,65.93,70.2,69.56,68.63,20.99,17.2,21.16,21.15
31,2018-05-02,65.93,70.2,69.56,68.63,20.99,17.2,21.16,21.15
32,2018-05-01,65.93,70.2,69.56,68.63,20.99,17.2,21.16,21.15
33,2018-04-30,65.93,70.2,69.56,68.63,20.99,17.2,21.16,21.15
34,2018-04-29,65.93,70.2,69.56,68.63,20.99,17.2,21.16,21.15
35,2018-04-28,65.93,70.2,69.56,68.63,20.99,17.2,21.16,21.15
36,2018-04-27,65.93,70.2,69.56,68.63,20.99,17.2,21.16,21.15
37,2018-04-26,65.93,70.2,69.56,68.63,20.99,17.2,21.16,21.15
38,2018-04-25,65.93,70.2,69.56,68.63,20.99,17.2,21.16,21.15
39,2018-04-24,65.93,70.2,69.56,68.63,20.99,17.2,21.16,21.15
40,2018-04-23,65.75,70.01,69.37,68.45,20.66,16.88,20.83,20.83
41,2018-04-22,65.65,69.91,69.27,68.35,20.48,16.71,20.66,20.65
42,2018-04-21,65.46,69.7,69.06,68.16,20.13,16.36,20.29,20.32
43,2018-04-20,65.31,69.54,68.9,68.01,19.86,16.09,20.01,20.05
44,2018-04-19,65.27,69.5,68.86,67.97,19.78,16.03,19.94,19.98
45,2018-04-18,65.18,69.41,68.76,67.88,19.62,15.88,19.77,19.82
46,2018-04-17,65.18,69.41,68.76,67.88,19.62,15.88,19.77,19.82
47,2018-04-16,65.18,69.41,68.76,67.88,19.62,15.88,19.77,19.82
48,2018-04-15,65.09,69.31,68.67,67.78,19.45,15.71,19.61,19.65
49,2018-04-14,65.01,69.23,68.58,67.7,19.31,15.58,19.46,19.51
50,2018-04-13,64.96,69.17,68.53,67.65,19.21,15.48,19.37,19.42
51,2018-04-12,64.93,69.14,68.49,67.62,19.16,15.43,19.3,19.36
52,2018-04-11,64.96,69.17,68.53,67.65,19.21,15.48,19.37,19.42
53,2018-04-10,64.96,69.17,68.53,67.65,19.21,15.48,19.37,19.42
54,2018-04-09,64.93,69.14,68.49,67.62,19.16,15.43,19.3,19.36
2,2018-04-08,64.96,69.17,68.53,67.65,19.21,15.48,19.37,19.42
4,2018-04-06,64.88,69.09,68.44,67.57,19.07,15.34,19.21,19.28
5,2018-04-05,64.85,69.06,68.41,67.54,19.01,15.29,19.16,19.22
6,2018-04-04,64.82,69.02,68.38,67.51,18.96,15.23,19.11,19.17
7,2018-04-03,64.82,69.02,68.38,67.51,18.96,15.23,19.11,19.17
8,2018-04-02,64.69,68.89,68.24,67.38,18.72,15.01,18.86,18.94
9,2018-04-01,64.58,68.77,68.12,67.27,18.52,14.81,18.66,18.75
10,2018-03-31,64.4,68.58,67.93,67.09,18.19,14.49,18.32,18.43
11,2018-03-30,64.14,68.3,67.65,66.83,17.71,14.02,17.84,17.97
12,2018-03-29,63.92,68.07,67.41,66.61,17.31,13.64,17.42,17.58
13,2018-03-28,63.77,67.91,67.25,66.46,17.03,13.37,17.14,17.32
14,2018-03-27,63.77,67.91,67.25,66.46,17.03,13.37,17.14,17.32
15,2018-03-26,63.66,67.79,67.14,66.35,16.83,13.17,16.95,17.12
16,2018-03-25,63.43,67.55,66.89,66.12,16.41,12.77,16.51,16.72
17,2018-03-24,63.2,67.3,66.64,65.89,15.98,12.35,16.08,16.31
18,2018-03-23,63.01,67.1,66.44,65.7,15.64,12.02,15.73,15.98
19,2018-03-22,62.88,66.96,66.3,65.57,15.4,11.79,15.49,15.75
20,2018-03-21,62.8,66.88,66.21,65.49,15.25,11.65,15.33,15.6
21,2018-03-20,62.8,66.88,66.21,65.49,15.25,11.65,15.33,15.6
22,2018-03-19,62.73,66.81,66.14,65.42,15.12,11.54,15.21,15.48
23,2018-03-18,62.71,66.78,66.12,65.4,15.09,11.49,15.17,15.45
24,2018-03-17,62.74,66.82,66.15,65.43,15.14,11.55,15.22,15.5
25,2018-03-16,62.81,66.89,66.23,65.5,15.27,11.67,15.36,15.62
26,2018-03-15,62.87,66.95,66.29,65.56,15.38,11.77,15.47,15.73
27,2018-03-14,62.85,66.93,66.27,65.54,15.34,11.74,15.43,15.69
28,2018-03-13,62.85,66.93,66.27,65.54,15.34,11.74,15.43,15.69
29,2018-03-12,62.87,66.95,66.29,65.56,15.38,11.77,15.47,15.73
30,2018-03-11,62.89,66.97,66.31,65.58,15.42,11.8,15.5,15.76
31,2018-03-10,62.88,66.96,66.3,65.57,15.4,11.79,15.49,15.75
32,2018-03-09,62.88,66.96,66.3,65.57,15.4,11.79,15.49,15.75
33,2018-03-08,62.91,67.0,66.33,65.6,15.45,11.85,15.54,15.8
34,2018-03-07,62.96,67.05,66.39,65.65,15.54,11.94,15.64,15.89
35,2018-03-06,62.96,67.05,66.39,65.65,15.54,11.94,15.64,15.89
36,2018-03-05,62.89,66.97,66.31,65.58,15.42,11.8,15.5,15.76
37,2018-03-04,62.88,66.96,66.3,65.57,15.4,11.79,15.49,15.75
38,2018-03-03,62.69,66.76,66.1,65.38,15.05,11.45,15.14,15.41
39,2018-03-02,62.48,66.54,65.87,65.17,14.66,11.09,14.74,15.04
40,2018-03-01,62.25,66.3,65.63,64.94,14.24,10.68,14.32,14.63
41,2018-02-28,62.15,66.19,65.52,64.84,14.06,10.5,14.13,14.46
42,2018-02-27,62.15,66.19,65.52,64.84,14.06,10.5,14.13,14.46
43,2018-02-26,62.17,66.21,65.54,64.86,14.09,10.53,14.16,14.49
44,2018-02-25,62.12,66.16,65.49,64.81,14.0,10.45,14.07,14.4
45,2018-02-24,62.14,66.18,65.51,64.83,14.04,10.48,14.11,14.44
46,2018-02-23,62.21,66.25,65.58,64.9,14.17,10.6,14.23,14.56
47,2018-02-22,62.29,66.34,65.67,64.98,14.31,10.75,14.39,14.7
48,2018-02-21,62.3,66.35,65.68,64.96,14.33,10.77,14.41,14.67
49,2018-02-20,62.29,66.34,65.67,64.95,14.31,10.75,14.39,14.65
50,2018-02-19,62.44,66.5,65.83,65.1,14.59,11.02,14.67,14.92
51,2018-02-18,62.56,66.62,65.96,65.22,14.81,11.22,14.89,15.13
52,2018-02-17,62.76,66.84,66.17,65.42,15.18,11.59,15.26,15.48
53,2018-02-16,63.02,67.11,66.45,65.68,15.65,12.04,15.75,15.94
54,2018-02-15,63.32,67.43,66.77,65.98,16.2,12.57,16.3,16.47
2,2018-02-14,63.5,67.62,66.96,66.17,16.54,12.89,16.63,16.8
4,2018-02-12,63.62,67.75,67.09,66.29,16.76,13.11,16.86,17.02
5,2018-02-11,63.9,68.05,67.39,66.57,17.27,13.61,17.38,17.51
6,2018-02-10,64.05,68.21,67.55,66.72,17.54,13.87,17.66,17.78
7,2018-02-09,64.11,68.27,67.62,66.78,17.65,13.97,17.78,17.88
8,2018-02-08,64.15,68.31,67.66,66.82,17.73,14.04,17.85,17.95
9,2018-02-07,64.22,68.39,67.73,66.89,17.86,14.17,17.98,18.08
10,2018-02-06,64.22,68.39,67.73,66.89,17.86,14.17,17.98,18.08
11,2018-02-05,64.14,68.3,67.65,66.81,17.71,14.02,17.84,17.93
12,2018-02-04,64.07,68.23,67.57,66.74,17.58,13.91,17.7,17.81
13,2018-02-03,64.07,68.23,67.57,66.74,17.58,13.91,17.7,17.81
14,2018-02-02,64.11,68.27,67.62,66.78,17.65,13.97,17.78,17.88
15,2018-02-01,64.11,68.27,67.62,66.78,17.65,13.97,17.78,17.88
16,2018-01-31,64.0,68.15,67.5,66.67,17.45,13.77,17.58,17.69
17,2018-01-30,64.0,68.15,67.5,66.67,17.45,13.77,17.58,17.69
18,2018-01-29,63.93,68.08,67.42,66.6,17.32,13.66,17.44,17.56
19,2018-01-28,63.85,67.99,67.34,66.52,17.18,13.51,17.3,17.42
20,2018-01-27,63.75,67.89,67.23,66.42,16.99,13.34,17.11,17.25
21,2018-01-26,63.65,67.78,67.12,66.32,16.81,13.16,16.91,17.07
22,2018-01-25,63.53,67.65,67.0,66.2,16.59,12.94,16.7,16.86
23,2018-01-24,63.38,67.5,66.84,66.04,16.31,12.69,16.43,16.58
24,2018-01-23,63.2,67.3,66.64,65.86,15.98,12.35,16.08,16.26
25,2018-01-22,63.01,67.1,66.44,65.67,15.64,12.02,15.73,15.92
26,2018-01-21,62.83,66.91,66.25,65.49,15.31,11.7,15.4,15.6
27,2018-01-20,62.63,66.7,66.03,65.29,14.94,11.35,15.01,15.25
28,2018-01-19,62.44,66.5,65.83,65.1,14.59,11.02,14.67,14.92
29,2018-01-18,62.25,66.3,65.63,64.91,14.24,10.68,14.32,14.58
30,2018-01-17,62.06,66.09,65.42,64.72,13.89,10.33,13.95,14.25
31,2018-01-16,61.88,65.9,65.23,64.54,13.56,10.02,13.62,13.93
32,2018-01-15,61.74,65.74,65.08,64.4,13.31,9.75,13.36,13.68
33,2018-01-14,61.56,65.53,64.89,64.22,12.97,9.4,13.03,13.36
34,2018-01-13,61.38,65.32,64.7,64.04,12.64,9.05,12.7,13.05
35,2018-01-12,61.18,65.1,64.48,63.84,12.28,8.68,12.31,12.69
36,2018-01-11,60.99,64.88,64.28,63.65,11.93,8.31,11.97,12.36
37,2018-01-10,60.81,64.67,64.09,63.47,11.6,7.96,11.64,12.04
38,2018-01-09,60.66,64.48,63.92,63.32,11.32,7.65,11.34,11.77
39,2018-01-08,60.49,64.28,63.74,63.15,11.01,7.31,11.03,11.47
40,2018-01-07,60.31,64.08,63.55,62.97,10.68,6.98,10.7,11.16
41,2018-01-06,60.12,63.87,63.35,62.78,10.33,6.63,10.35,10.82
42,2018-01-05,59.94,63.67,63.15,62.6,10.0,6.29,10.0,10.5
43,2018-01-04,59.89,63.59,63.1,62.55,9.91,6.16,9.91,10.41
44,2018-01-03,59.82,63.51,63.03,62.48,9.78,6.03,9.79,10.29
45,2018-01-02,59.76,63.43,62.96,62.42,9.67,5.89,9.67,10.19
46,2018-01-01,59.7,63.35,62.9,62.36,9.56,5.76,9.56,10.08
47,2017-12-31,59.64,63.27,62.83,62.3,9.45,5.63,9.44,9.97
48,2017-12-30,59.59,63.19,62.78,62.25,9.36,5.49,9.35,9.89
49,2017-12-29,59.56,63.1,62.75,62.22,9.3,5.34,9.3,9.83
50,2017-12-28,59.47,62.97,62.65,62.13,9.14,5.13,9.13,9.67
51,2017-12-27,59.38,62.85,62.55,62.04,8.97,4.92,8.95,9.51
52,2017-12-26,59.31,62.75,62.48,61.97,8.85,4.76,8.83,9.39
53,2017-12-25,59.2,62.62,62.36,61.86,8.64,4.54,8.62,9.2
54,2017-12-24,59.11,62.51,62.27,61.77,8.48,4.36,8.47,9.04
2,2017-12-23,59.02,62.39,62.17,61.68,8.31,4.16,8.29,8.88
4,2017-12-21,58.85,62.16,61.99,61.51,8.0,3.77,7.98,8.58
5,2017-12-20,58.75,62.03,61.88,61.41,7.82,3.56,7.79,8.4
6,2017-12-19,58.65,61.87,61.77,61.31,7.63,3.29,7.59,8.23
7,2017-12-18,58.55,61.75,61.67,61.21,7.45,3.09,7.42,8.05
8,2017-12-17,58.48,61.67,61.59,61.14,7.32,2.95,7.28,7.93
9,2017-12-16,58.44,61.55,61.55,61.1,7.25,2.75,7.21,7.86
10,2017-12-15,58.38,61.43,61.48,61.04,7.14,2.55,7.09,7.75
11,2017-12-14,58.33,61.31,61.43,60.99,7.05,2.35,7.0,7.66
12,2017-12-13,58.32,61.28,61.42,60.98,7.03,2.3,6.98,7.64
13,2017-12-12,58.34,61.26,61.44,61.0,7.07,2.27,7.02,7.68
14,2017-12-11,58.37,61.24,61.47,61.03,7.12,2.24,7.07,7.73
15,2017-12-10,58.37,61.21,61.47,61.03,7.12,2.19,7.07,7.73
16,2017-12-09,58.41,61.21,61.52,61.07,7.19,2.19,7.16,7.8
17,2017-12-08,58.44,61.22,61.55,61.1,7.25,2.2,7.21,7.86
18,2017-12-07,58.45,61.2,61.56,61.11,7.27,2.17,7.23,7.87
19,2017-12-06,58.45,61.2,61.56,61.11,7.27,2.17,7.23,7.87
20,2017-12-05,58.43,61.17,61.54,61.09,7.23,2.12,7.19,7.84
21,2017-12-04,58.44,61.15,61.55,61.1,7.25,2.09,7.21,7.86
22,2017-12-03,58.42,61.12,61.53,61.08,7.21,2.04,7.18,7.82
23,2017-12-02,58.42,61.1,61.53,61.08,7.21,2.0,7.18,7.82
24,2017-12-01,58.4,61.07,61.51,61.06,7.18,1.95,7.14,7.78
25,2017-11-30,58.39,61.05,61.5,61.05,7.16,1.92,7.12,7.77
26,2017-11-29,58.37,61.03,61.47,61.03,7.12,1.89,7.07,7.73
27,2017-11-28,58.37,61.03,61.47,61.03,7.12,1.89,7.07,7.73
28,2017-11-27,58.34,60.99,61.44,61.0,7.07,1.82,7.02,7.68
29,2017-11-26,58.34,60.97,61.44,61.0,7.07,1.79,7.02,7.68
30,2017-11-25,58.33,60.96,61.43,60.99,7.05,1.77,7.0,7.66
31,2017-11-24,58.33,60.96,61.43,60.99,7.05,1.77,7.0,7.66
32,2017-11-23,58.3,60.93,61.4,60.96,6.99,1.72,6.95,7.61
33,2017-11-22,58.3,60.93,61.4,60.96,6.99,1.72,6.95,7.61
34,2017-11-21,58.33,60.96,61.43,60.99,7.05,1.77,7.0,7.66
35,2017-11-20,58.33,60.96,61.43,60.99,7.05,1.77,7.0,7.66
36,2017-11-19,58.31,60.94,61.41,60.97,7.01,1.74,6.97,7.63
37,2017-11-18,58.33,60.96,61.43,60.99,7.05,1.77,7.0,7.66
38,2017-11-17,58.31,60.94,61.41,60.97,7.01,1.74,6.97,7.63
39,2017-11-16,58.31,60.94,61.41,60.97,7.01,1.74,6.97,7.63
40,2017-11-15,58.32,60.95,61.42,60.98,7.03,1.75,6.98,7.64
41,2017-11-14,58.34,60.97,61.44,61.0,7.07,1.79,7.02,7.68
42,2017-11-13,58.31,60.94,61.41,60.97,7.01,1.74,6.97,7.63
43,2017-11-12,58.31,60.94,61.41,60.97,7.01,1.74,6.97,7.63
44,2017-11-11,58.31,60.94,61.41,60.97,7.01,1.74,6.97,7.63
45,2017-11-10,58.31,60.94,61.41,60.97,7.01,1.74,6.97,7.63
46,2017-11-09,58.31,60.94,61.41,60.97,7.01,1.74,6.97,7.63
47,2017-11-08,58.26,60.89,61.36,60.92,6.92,1.65,6.88,7.54
48,2017-11-07,58.26,60.89,61.36,60.92,6.92,1.65,6.88,7.54
49,2017-11-06,58.16,60.78,61.25,60.82,6.74,1.47,6.69,7.36
50,2017-11-05,58.08,60.69,61.16,60.74,6.59,1.32,6.53,7.22
51,2017-11-04,58.03,60.64,61.11,60.69,6.5,1.24,6.44,7.13
52,2017-11-03,57.93,60.54,61.0,60.59,6.31,1.07,6.25,6.95
53,2017-11-02,57.83,60.43,60.9,60.49,6.13,0.88,6.08,6.78
54,2017-11-01,57.73,60.32,60.79,60.39,5.95,0.7,5.89,6.6
2,2017-10-31,57.7,60.29,60.76,60.36,5.89,0.65,5.84,6.55
4,2017-10-29,57.51,60.09,60.55,60.17,5.54,0.32,5.47,6.21
5,2017-10-28,57.43,60.0,60.47,60.09,5.4,0.17,5.33,6.07
6,2017-10-27,57.28,59.85,60.31,59.94,5.12,-0.08,5.05,5.81
7,2017-10-26,57.21,59.77,60.23,59.87,4.99,-0.22,4.91,5.68
8,2017-10-25,57.15,59.71,60.17,59.81,4.88,-0.32,4.81,5.58
9,2017-10-24,57.12,59.68,60.14,59.78,4.83,-0.37,4.76,5.53
10,2017-10-23,57.12,59.68,60.14,59.78,4.83,-0.37,4.76,5.53
11,2017-10-22,57.1,59.65,60.11,59.76,4.79,-0.42,4.7,5.49
12,2017-10-21,57.01,59.56,60.02,59.67,4.62,-0.57,4.55,5.33
13,2017-10-20,56.98,59.53,59.99,59.64,4.57,-0.62,4.49,5.28
14,2017-10-19,56.95,59.5,59.95,59.61,4.51,-0.67,4.42,5.23
15,2017-10-18,56.87,59.41,59.87,59.53,4.37,-0.82,4.28,5.08
16,2017-10-17,56.87,59.41,59.87,59.53,4.37,-0.82,4.28,5.08
17,2017-10-16,56.91,59.45,59.91,59.57,4.44,-0.75,4.35,5.15
18,2017-10-15,56.94,59.48,59.94,59.6,4.5,-0.7,4.41,5.21
19,2017-10-14,56.98,59.53,59.99,59.64,4.57,-0.62,4.49,5.28
20,2017-10-13,57.01,59.56,60.02,59.67,4.62,-0.57,4.55,5.33
21,2017-10-12,57.01,59.56,60.02,59.67,4.62,-0.57,4.55,5.33
22,2017-10-11,57.03,59.58,60.04,59.69,4.66,-0.53,4.58,5.37
23,2017-10-10,57.0,60.55,60.01,59.66,4.61,1.09,4.53,5.31
24,2017-10-09,57.0,60.55,60.01,59.66,4.61,1.09,4.53,5.31
25,2017-10-08,56.96,60.51,59.96,59.62,4.53,1.02,4.44,5.24
26,2017-10-07,56.94,60.49,59.94,59.6,4.5,0.98,4.41,5.21
27,2017-10-06,56.95,60.5,59.95,59.61,4.51,1.0,4.42,5.23
28,2017-10-05,56.9,60.44,59.9,59.56,4.42,0.9,4.34,5.14
29,2017-10-04,56.89,60.43,59.89,59.55,4.4,0.88,4.32,5.12
30,2017-10-03,59.14,62.82,62.3,61.8,8.53,4.87,8.52,9.09
31,2017-10-02,59.07,62.75,62.22,61.73,8.41,4.76,8.38,8.97
32,2017-10-01,58.92,62.59,62.06,61.58,8.13,4.49,8.1,8.7
33,2017-09-30,58.86,62.53,62.0,61.52,8.02,4.39,8.0,8.6
34,2017-09-29,58.78,62.44,61.91,61.44,7.87,4.24,7.84,8.46
35,2017-09-28,58.7,62.36,61.83,61.36,7.73,4.11,7.7,8.31
36,2017-09-27,58.68,62.33,61.81,61.34,7.69,4.06,7.66,8.28
37,2017-09-26,58.68,62.33,61.81,61.34,7.69,4.06,7.66,8.28
38,2017-09-25,58.72,62.38,61.85,61.38,7.76,4.14,7.73,8.35
39,2017-09-24,58.72,62.38,61.85,61.38,7.76,4.14,7.73,8.35
40,2017-09-23,58.69,62.35,61.82,61.35,7.71,4.09,7.68,8.3
41,2017-09-22,58.69,62.35,61.82,61.35,7.71,4.09,7.68,8.3
42,2017-09-21,58.69,62.35,61.82,61.35,7.71,4.09,7.68,8.3
43,2017-09-20,58.79,62.45,61.92,61.45,7.89,4.26,7.86,8.47
44,2017-09-19,58.85,62.51,61.99,61.51,8.0,4.36,7.98,8.58
45,2017-09-18,58.91,62.58,62.05,61.57,8.11,4.47,8.08,8.68
46,2017-09-17,58.88,62.55,62.02,61.54,8.06,4.42,8.03,8.63
47,2017-09-16,58.84,62.5,61.98,61.5,7.98,4.34,7.96,8.56
48,2017-09-15,58.8,62.46,61.93,61.46,7.91,4.27,7.87,8.49
49,2017-09-14,58.74,62.4,61.87,61.4,7.8,4.17,7.77,8.38
50,2017-09-13,58.72,62.37,61.84,61.37,7.76,4.12,7.72,8.33
51,2017-09-12,58.72,62.37,61.84,61.37,7.76,4.12,7.72,8.33
52,2017-09-11,58.62,62.26,61.73,61.27,7.58,3.94,7.52,8.16
53,2017-09-10,58.37,62.0,61.46,61.02,7.12,3.51,7.05,7.71
54,2017-09-09,58.06,61.67,61.13,60.71,6.55,2.95,6.48,7.17
2,2017-09-08,57.78,61.38,60.84,60.44,6.04,2.47,5.97,6.69
4,2017-09-06,57.46,61.03,60.49,60.11,5.45,1.89,5.36,6.11
5,2017-09-05,57.46,61.03,60.49,60.11,5.45,1.89,5.36,6.11
6,2017-09-04,57.38,60.95,60.41,60.03,5.3,1.75,5.23,5.97
7,2017-09-03,57.28,60.84,60.3,59.93,5.12,1.57,5.03,5.79
8,2017-09-02,57.21,60.77,60.23,59.87,4.99,1.45,4.91,5.68
9,2017-09-01,57.13,60.68,60.14,59.78,4.84,1.3,4.76,5.53
10,2017-08-31,57.05,60.6,60.06,59.71,4.7,1.17,4.62,5.4
11,2017-08-30,57.01,60.56,60.02,59.66,4.62,1.1,4.55,5.31
12,2017-08-29,57.02,60.56,60.02,59.67,4.64,1.1,4.55,5.33
13,2017-08-28,57.03,60.57,60.03,59.68,4.66,1.12,4.56,5.35
14,2017-08-27,57.03,60.58,60.04,59.69,4.66,1.14,4.58,5.37
15,2017-08-26,56.97,60.51,59.97,59.62,4.55,1.02,4.46,5.24
16,2017-08-25,57.02,60.57,60.02,59.67,4.64,1.12,4.55,5.33
17,2017-08-24,57.06,60.61,60.06,59.71,4.72,1.19,4.62,5.4
18,2017-08-23,57.05,60.6,60.05,59.7,4.7,1.17,4.6,5.38
19,2017-08-22,57.05,60.6,60.06,59.7,4.7,1.17,4.62,5.38
20,2017-08-21,57.01,60.55,60.01,59.66,4.62,1.09,4.53,5.31
21,2017-08-20,57.07,60.62,60.08,59.72,4.73,1.2,4.65,5.42
22,2017-08-19,57.19,60.74,60.2,59.84,4.96,1.4,4.86,5.63
23,2017-08-18,57.28,60.85,60.3,59.93,5.12,1.59,5.03,5.79
24,2017-08-17,57.39,60.96,60.42,60.04,5.32,1.77,5.24,5.98
25,2017-08-16,57.36,60.92,60.38,60.01,5.27,1.7,5.17,5.93
26,2017-08-15,57.3,60.86,60.32,59.95,5.16,1.6,5.07,5.83
27,2017-08-14,57.25,60.81,60.27,59.9,5.07,1.52,4.98,5.74
28,2017-08-13,57.24,60.8,60.26,59.9,5.05,1.5,4.96,5.74
29,2017-08-12,57.15,60.7,60.16,59.8,4.88,1.34,4.79,5.56
30,2017-08-11,56.98,60.52,59.98,59.63,4.57,1.04,4.48,5.26
31,2017-08-10,56.81,60.35,59.8,59.46,4.26,0.75,4.16,4.96
32,2017-08-09,56.78,60.32,59.77,59.44,4.2,0.7,4.11,4.92
33,2017-08-08,56.72,60.25,59.71,59.38,4.09,0.58,4.01,4.82
34,2017-08-07,56.61,60.13,59.59,59.26,3.89,0.38,3.8,4.61
35,2017-08-06,56.54,60.06,59.51,59.19,3.76,0.27,3.66,4.48
36,2017-08-05,56.33,59.83,59.28,58.98,3.38,-0.12,3.26,4.11
37,2017-08-04,56.1,59.59,59.04,58.75,2.95,-0.52,2.84,3.71
38,2017-08-03,55.85,59.32,58.77,58.5,2.5,-0.97,2.37,3.27
39,2017-08-02,55.64,59.1,58.55,58.29,2.11,-1.34,1.99,2.89
40,2017-08-01,55.58,59.04,58.49,58.23,2.0,-1.44,1.88,2.79
41,2017-07-31,55.5,59.08,58.53,58.25,1.85,-1.37,1.95,2.82
42,2017-07-30,55.31,58.87,58.32,58.05,1.5,-1.72,1.59,2.47
43,2017-07-29,55.19,58.75,58.2,57.94,1.28,-1.92,1.38,2.28
44,2017-07-28,55.03,58.58,58.02,57.77,0.99,-2.2,1.06,1.98
45,2017-07-27,54.94,58.49,57.93,57.69,0.83,-2.35,0.91,1.84
46,2017-07-26,54.95,58.49,57.94,57.69,0.84,-2.35,0.92,1.84
47,2017-07-25,54.95,58.5,57.94,57.7,0.84,-2.34,0.92,1.85
48,2017-07-24,54.94,58.48,57.93,57.68,0.83,-2.37,0.91,1.82
49,2017-07-23,54.93,58.48,57.92,57.68,0.81,-2.37,0.89,1.82
50,2017-07-22,54.95,58.49,57.94,57.69,0.84,-2.35,0.92,1.84
51,2017-07-21,55.02,58.57,58.02,57.77,0.97,-2.22,1.06,1.98
52,2017-07-20,55.05,58.6,58.05,57.8,1.03,-2.17,1.11,2.03
53,2017-07-19,55.04,58.59,58.04,57.78,1.01,-2.19,1.1,1.99
54,2017-07-18,55.04,58.59,58.04,57.79,1.01,-2.19,1.1,2.01
2,2017-07-17,54.99,58.54,57.98,57.74,0.92,-2.27,0.99,1.92
4,2017-07-15,54.85,58.39,57.83,57.59,0.66,-2.52,0.73,1.66
5,2017-07-14,54.66,58.19,57.63,57.41,0.31,-2.85,0.38,1.34
6,2017-07-13,54.7,58.22,57.67,57.44,0.39,-2.8,0.45,1.39
7,2017-07-12,54.74,58.27,57.72,57.49,0.46,-2.72,0.54,1.48
8,2017-07-11,54.74,58.27,57.72,57.49,0.46,-2.72,0.54,1.48
9,2017-07-10,54.55,59.93,57.44,56.85,0.11,0.05,0.05,0.35
10,2017-07-09,54.32,59.69,57.19,56.61,-0.31,-0.35,-0.38,-0.07
11,2017-07-08,54.06,59.41,56.91,56.35,-0.79,-0.82,-0.87,-0.53
12,2017-07-07,53.82,59.15,56.65,56.11,-1.23,-1.25,-1.32,-0.95
13,2017-07-06,53.61,58.93,56.43,55.9,-1.61,-1.62,-1.71,-1.32
14,2017-07-05,53.44,58.76,56.25,55.74,-1.93,-1.9,-2.02,-1.61
15,2017-07-04,53.44,58.76,56.25,55.74,-1.93,-1.9,-2.02,-1.61
16,2017-07-03,53.47,58.79,56.29,55.77,-1.87,-1.85,-1.95,-1.55
17,2017-07-02,53.36,58.67,56.17,55.66,-2.07,-2.05,-2.16,-1.75
18,2017-07-01,53.33,58.63,56.13,55.62,-2.13,-2.12,-2.23,-1.82
19,2017-06-30,53.46,58.8,56.3,55.61,-1.89,-1.84,-1.93,-1.84
20,2017-06-29,53.53,58.88,56.38,55.68,-1.76,-1.7,-1.79,-1.71
21,2017-06-28,53.53,58.88,56.38,55.68,-1.76,-1.7,-1.79,-1.71
22,2017-06-27,53.53,58.89,56.38,55.69,-1.76,-1.69,-1.79,-1.69
23,2017-06-26,53.53,58.88,56.38,55.69,-1.76,-1.7,-1.79,-1.69
24,2017-06-25,53.61,58.97,56.47,55.77,-1.61,-1.55,-1.64,-1.55
25,2017-06-24,53.76,59.13,56.63,55.92,-1.34,-1.29,-1.36,-1.29
26,2017-06-23,53.85,59.23,56.73,56.01,-1.17,-1.12,-1.18,-1.13
27,2017-06-22,53.94,59.32,56.82,56.09,-1.01,-0.97,-1.03,-0.99
28,2017-06-21,53.96,59.34,56.84,56.12,-0.97,-0.93,-0.99,-0.94
29,2017-06-20,53.96,59.34,56.85,56.12,-0.97,-0.93,-0.98,-0.94
30,2017-06-19,54.01,59.39,56.89,56.16,-0.88,-0.85,-0.91,-0.86
31,2017-06-18,54.14,59.53,57.03,56.29,-0.64,-0.62,-0.66,-0.64
32,2017-06-17,54.32,59.73,57.23,56.48,-0.31,-0.28,-0.31,-0.3
33,2017-06-16,54.49,59.9,57.41,56.65,0.0,0.0,0.0,0.0
